Date,Open,High,Low,Close,Volume
2026-08-28,19.8000,19.9000,19.7000,19.8000,2700918
2026-08-25,19.9000,19.9000,19.8000,19.8000,1865306
2026-08-24,19.9000,20.0000,19.8000,19.9000,7433443
2026-08-21,19.8000,19.9000,19.8000,19.8000,4668121
2026-08-20,19.9000,19.9000,19.8000,19.8000,4731661
2026-08-19,20.0000,20.0000,19.8000,19.9000,609802
2026-08-18,20.0000,20.0000,19.8000,19.9000,35136180
2026-08-17,20.0000,20.1000,19.9000,20.0000,3380209
2026-08-14,20.0000,20.1000,19.9000,20.0000,1577810
2026-08-13,20.0000,20.0000,19.9000,20.0000,6862353
2026-08-12,20.0000,20.0000,19.9000,20.0000,6427272
2026-08-11,20.0000,20.0000,19.9000,19.9000,3230164
2026-08-10,20.2000,20.2000,19.9000,20.0000,19954820
2026-08-07,20.0000,20.2000,20.0000,20.1000,2508160
2026-08-06,20.0000,20.1000,19.9000,20.0000,5942393
2026-08-05,20.0000,20.1000,19.9000,20.0000,6547250
2026-08-04,20.0000,20.0000,19.8000,19.9000,17822180
2026-08-03,20.0000,20.0000,19.8000,19.9000,5868112
2026-07-31,20.0000,20.0000,19.9000,19.9000,1446809
2026-07-30,20.0000,20.0000,19.8000,19.9000,3511696
2026-07-28,19.9000,20.0000,19.8000,19.9000,1591248
2026-07-27,19.7000,19.9000,19.7000,19.8000,33444190
2026-07-24,19.6000,19.8000,19.6000,19.6000,2708744
2026-07-23,19.7000,19.8000,19.6000,19.6000,12786720
2026-07-22,19.8000,19.8000,19.6000,19.6000,2513517
2026-07-21,19.9000,19.9000,19.7000,19.8000,489792
2026-07-20,19.9000,20.0000,19.7000,19.7000,5524178
2026-07-17,20.0000,20.0000,19.8000,19.9000,1631636
2026-07-16,20.0000,20.2000,19.9000,20.0000,3319037
2026-07-15,19.9000,20.0000,19.8000,19.9000,3858312
2026-07-14,19.9000,20.0000,19.8000,19.8000,947538
2026-07-13,20.0000,20.0000,19.8000,19.9000,1089506
2026-07-10,20.0000,20.2000,19.9000,20.0000,6052893
2026-07-09,20.0000,20.0000,19.8000,19.9000,5477632
2026-07-08,20.0000,20.1000,19.9000,20.0000,22217100
2026-07-07,20.1000,20.1000,20.0000,20.0000,15334160
2026-07-06,20.2000,20.3000,20.0000,20.1000,2172802
2026-07-03,20.3000,20.4000,20.2000,20.2000,1680208
2026-07-02,20.4000,20.4000,20.2000,20.3000,2258944
2026-07-01,20.2000,20.4000,20.2000,20.3000,747346
2026-06-30,20.5000,20.5000,20.1000,20.2000,2113732
2026-06-26,20.5000,20.5000,20.3000,20.4000,1809426
2026-06-25,20.3000,20.6000,20.2000,20.5000,3081621
2026-06-24,20.2000,20.3000,20.0000,20.2000,718232
2026-06-23,20.3000,20.3000,20.0000,20.2000,2952961
2026-06-22,20.3000,20.5000,20.2000,20.2000,1204598
2026-06-19,20.5000,20.5000,20.3000,20.4000,3053730
2026-06-18,20.5000,20.5000,20.3000,20.4000,1790522
2026-06-17,20.5000,20.6000,20.3000,20.4000,1910670
2026-06-16,20.5000,20.6000,20.4000,20.5000,7660678
2026-06-15,20.2000,20.7000,20.2000,20.5000,5624133
2026-06-12,19.7000,20.0000,19.7000,20.0000,3163380
2026-06-11,19.7000,19.8000,19.6000,19.7000,1488468
2026-06-10,19.8000,19.9000,19.7000,19.8000,1649600
2026-06-09,19.8000,19.9000,19.7000,19.7000,12020660
2026-06-08,20.0000,20.0000,19.7000,19.8000,23024960
2026-06-05,20.0000,20.1000,19.9000,20.0000,3838301
2026-06-04,20.1000,20.1000,19.9000,20.0000,4789528
2026-06-03,20.1000,20.2000,20.0000,20.1000,7048446
2026-06-02,20.0000,20.1000,19.9000,20.0000,1455889
2026-06-01,20.1000,20.2000,19.9000,20.0000,2684952
2026-05-29,20.2000,20.2000,19.9000,20.2000,8594023
2026-05-27,20.4000,20.4000,20.0000,20.1000,5238861
2026-05-26,20.5000,20.5000,20.0000,20.1000,2287455
2026-05-25,20.3000,20.5000,20.2000,20.3000,1558659
2026-05-22,19.8000,20.2000,19.8000,20.0000,18817180
2026-05-21,19.8000,20.3000,19.8000,19.8000,2668583
2026-05-20,20.4000,20.4000,19.8000,19.8000,3662455
2026-05-19,20.3000,20.4000,20.3000,20.3000,2233251
2026-05-18,20.6000,20.6000,20.2000,20.3000,1713340
2026-05-15,20.8000,20.8000,20.6000,20.7000,2236793
2026-05-14,20.6000,20.8000,20.5000,20.7000,6910206
2026-05-13,20.6000,20.7000,20.4000,20.5000,1298036
2026-05-12,20.6000,20.8000,20.5000,20.6000,1333063
2026-05-11,20.6000,20.7000,20.5000,20.6000,1933266
2026-05-08,20.7000,20.8000,20.5000,20.6000,2284988
2026-05-07,20.6000,20.8000,20.6000,20.8000,7268465
2026-05-06,20.4000,20.7000,20.4000,20.5000,6166755
2026-05-05,20.4000,20.4000,20.3000,20.3000,3923343
2026-05-04,20.5000,20.5000,20.3000,20.4000,2401383
2026-04-30,20.6000,20.6000,20.3000,20.4000,28589360
2026-04-29,20.5000,20.8000,20.5000,20.6000,5533466
2026-04-28,20.4000,20.6000,20.3000,20.5000,2997214
2026-04-27,20.2000,20.4000,20.2000,20.3000,1927337
2026-04-24,20.0000,20.3000,20.0000,20.2000,1016365
2026-04-23,20.2000,20.2000,20.0000,20.1000,3306503
2026-04-22,20.3000,20.4000,20.1000,20.2000,1293286
2026-04-21,20.5000,20.5000,20.2000,20.3000,3839305
2026-04-20,20.5000,20.5000,20.1000,20.4000,6744539
2026-04-17,20.4000,20.5000,20.3000,20.4000,5053047
2026-04-16,20.1000,20.5000,20.1000,20.4000,1076657
2026-04-15,20.0000,20.2000,19.9000,20.1000,3515006
2026-04-10,19.7000,20.3000,19.7000,20.1000,22596500
2026-04-09,19.7000,19.7000,19.2000,19.5000,1345582
2026-04-08,19.9000,19.9000,19.5000,19.7000,23236250
2026-04-07,19.0000,19.0000,18.4000,18.5000,2642368
2026-04-06,18.5000,19.0000,18.3000,18.6000,16586590
2026-04-02,18.6000,18.6000,18.2000,18.5000,7198990
2026-03-31,18.1000,18.4000,17.9000,18.4000,83009730
2026-03-30,18.4000,18.4000,17.9000,18.0000,19159610
2026-03-27,19.0000,19.0000,18.3000,18.4000,10735450
2026-03-26,19.5000,19.5000,18.8000,19.1000,4454024
2026-03-25,18.9000,19.5000,18.9000,19.4000,12895210
2026-03-24,18.5000,18.8000,18.5000,18.7000,26810680
2026-03-23,18.0000,18.1000,17.8000,18.1000,1256997
2026-03-20,18.0000,18.6000,17.9000,18.3000,63682510
2026-03-19,18.5000,18.5000,17.9000,18.0000,37183350
2026-03-18,19.0000,19.0000,18.3000,18.7000,32481310
2026-03-17,19.2000,19.3000,18.9000,18.9000,3105845
2026-03-16,19.8000,19.8000,19.0000,19.0000,35664810
2026-03-13,20.1000,20.1000,19.9000,20.0000,6369947
2026-03-12,20.5000,20.5000,20.0000,20.1000,9970636
2026-03-11,20.7000,21.0000,20.5000,20.6000,2138678
2026-03-10,20.5000,20.9000,20.4000,20.6000,5056496
2026-03-09,20.5000,20.5000,19.9000,20.1000,11817800
2026-03-06,21.5000,21.7000,21.0000,21.0000,6286447
2026-03-05,21.3000,21.7000,21.2000,21.6000,1807138
2026-03-04,21.0000,21.3000,20.9000,21.1000,5472086
2026-03-03,21.5000,21.7000,20.9000,21.1000,15129190
2026-02-27,22.8000,22.8000,22.0000,22.1000,9044860
2026-02-26,22.6000,22.9000,22.6000,22.8000,1038384
2026-02-25,22.1000,22.5000,22.1000,22.3000,1830781
2026-02-24,22.6000,22.7000,22.1000,22.1000,5188751
2026-02-23,22.7000,22.8000,22.5000,22.6000,1133031
2026-02-20,22.8000,22.9000,22.5000,22.7000,1846182
2026-02-19,22.6000,23.1000,22.6000,22.8000,13271630
2026-02-18,22.5000,22.6000,22.5000,22.6000,6094853
2026-02-17,22.3000,22.5000,22.3000,22.4000,5291460
2026-02-16,22.1000,22.4000,22.0000,22.3000,6223901
2026-02-13,22.3000,22.4000,22.1000,22.1000,1647892
2026-02-12,22.5000,22.6000,22.3000,22.3000,1914041
2026-02-11,22.4000,22.7000,22.3000,22.5000,2954469
2026-02-10,22.2000,22.6000,22.1000,22.4000,2847760
2026-02-09,22.7000,22.7000,22.1000,22.2000,3893129
2026-02-06,22.7000,22.9000,22.6000,22.7000,7863724
2026-02-05,22.5000,22.9000,22.4000,22.7000,1944385
2026-02-03,22.5000,22.6000,22.4000,22.4000,5307636
2026-02-02,22.7000,22.7000,22.4000,22.5000,3746162
2026-01-30,22.8000,22.8000,22.6000,22.7000,2089194
2026-01-29,23.0000,23.2000,22.5000,22.7000,2824707
2026-01-28,22.7000,23.4000,22.7000,22.9000,34209870
2026-01-27,22.2000,22.8000,22.1000,22.6000,1387350
2026-01-26,22.1000,22.2000,22.0000,22.1000,1990624
2026-01-23,22.0000,22.2000,22.0000,22.0000,2419652
2026-01-22,21.9000,22.1000,21.9000,22.0000,3842745
2026-01-21,22.0000,22.1000,21.8000,22.0000,5037279
2026-01-20,22.3000,22.4000,22.0000,22.0000,1926258
2026-01-19,22.2000,22.4000,22.0000,22.3000,4258346
2026-01-16,22.6000,22.7000,22.1000,22.3000,1481041
2026-01-14,22.5000,22.7000,22.1000,22.5000,5181040
2026-01-13,22.8000,22.9000,21.9000,22.4000,1659201
2026-01-12,22.9000,23.1000,22.7000,22.9000,1710780
2026-01-09,22.5000,22.8000,22.4000,22.8000,6400248
2026-01-08,22.3000,22.7000,22.2000,22.4000,4692341
2026-01-06,21.6000,22.2000,21.6000,22.1000,8171638
2026-01-05,21.4000,21.9000,21.4000,21.6000,3714528
2026-01-02,21.9000,21.9000,21.3000,21.5000,1616287
2025-12-31,21.2000,21.9000,21.0000,21.7000,3574843
2025-12-30,21.0000,21.2000,20.9000,21.1000,5354003
2025-12-29,21.1000,21.1000,20.8000,20.9000,1141884
2025-12-26,21.1000,21.2000,21.0000,21.1000,1214105
2025-12-24,21.0000,21.2000,20.8000,21.0000,79503430
2025-12-23,21.0000,21.1000,20.9000,21.0000,9172477
2025-12-22,21.2000,21.3000,20.9000,20.9000,7249134
2025-12-19,21.3000,21.3000,21.0000,21.1000,6286241
2025-12-18,21.2000,21.3000,20.9000,21.2000,2474205
2025-12-17,21.1000,21.3000,21.0000,21.0000,6201280
2025-12-16,21.0000,21.2000,20.9000,21.1000,1643733
2025-12-15,21.4000,21.4000,21.0000,21.1000,3086559
2025-12-12,21.1000,21.5000,21.0000,21.2000,6155799
2025-12-11,21.0000,21.2000,20.8000,21.0000,31846940
2025-12-10,21.2000,21.2000,20.8000,20.9000,3200180
2025-12-09,20.9000,21.1000,20.7000,21.0000,3550852
2025-12-08,21.0000,21.3000,20.7000,20.8000,2687108
2025-12-05,21.5000,21.7000,20.8000,21.0000,1159401
2025-12-03,21.9000,21.9000,21.4000,21.5000,1682833
2025-12-02,21.7000,21.9000,21.6000,21.8000,7335546
2025-12-01,21.9000,22.0000,21.6000,21.8000,8277710
2025-11-28,22.1000,22.2000,22.0000,22.1000,1287383
2025-11-27,22.4000,22.4000,22.2000,22.3000,4213431
2025-11-26,22.4000,22.5000,22.3000,22.4000,1408754
2025-11-25,22.5000,22.6000,22.3000,22.4000,1491873
2025-11-24,22.9000,22.9000,22.4000,22.6000,1341729
2025-11-21,22.9000,22.9000,22.7000,22.9000,6438674
2025-11-20,22.8000,22.9000,22.7000,22.9000,1497360
2025-11-19,22.7000,22.8000,22.2000,22.7000,9257927
2025-11-18,22.5000,22.9000,22.5000,22.6000,9466493
2025-11-17,22.6000,22.7000,22.2000,22.5000,1633702
2025-11-14,22.5000,22.6000,22.1000,22.5000,3352156
2025-11-13,22.9000,23.0000,22.3000,22.4000,9599450
2025-11-12,22.5000,23.0000,22.5000,22.9000,19465540
2025-11-11,22.3000,22.5000,22.1000,22.4000,10861990
2025-11-10,22.2000,22.4000,22.1000,22.3000,1054260
2025-11-07,21.7000,22.2000,21.5000,22.0000,15438360
2025-11-06,21.7000,21.9000,21.6000,21.8000,19723740
2025-11-04,21.5000,21.5000,21.2000,21.4000,6404475
2025-11-03,21.3000,21.5000,21.1000,21.4000,8889347
2025-10-31,20.7000,21.1000,20.6000,21.1000,8937730
2025-10-30,21.0000,21.0000,20.5000,20.7000,37458580
2025-10-29,21.0000,21.0000,20.7000,20.8000,1244732
2025-10-28,21.4000,21.4000,20.8000,20.9000,14521390
2025-10-27,21.5000,21.5000,21.2000,21.3000,1503844
2025-10-24,21.3000,21.5000,21.2000,21.4000,1015332
2025-10-23,21.4000,21.7000,21.2000,21.3000,5919523
2025-10-22,21.6000,21.9000,21.3000,21.4000,7263886
2025-10-21,21.8000,21.9000,21.5000,21.6000,4981572
2025-10-17,21.6000,21.8000,21.6000,21.8000,7569387
2025-10-16,21.6000,21.6000,21.4000,21.5000,3356267
2025-10-15,21.6000,21.7000,21.5000,21.5000,5292112
2025-10-14,21.6000,21.8000,21.4000,21.7000,5827821
2025-10-13,21.8000,21.9000,21.6000,21.7000,3428717
2025-10-10,20.9000,21.9000,20.9000,21.8000,13556990
2025-10-09,21.4000,21.5000,20.9000,20.9000,21031810
2025-10-08,21.7000,21.7000,21.3000,21.5000,15397590
2025-10-07,21.9000,21.9000,21.6000,21.7000,9561616
2025-10-03,22.2000,22.2000,21.9000,22.0000,12495330
2025-10-02,22.3000,22.4000,22.0000,22.1000,3500428
2025-10-01,22.2000,22.4000,22.1000,22.3000,3121223
2025-09-30,22.4000,22.5000,22.1000,22.2000,5954525
2025-09-29,22.2000,22.4000,22.1000,22.3000,3277834
2025-09-26,22.2000,22.2000,22.0000,22.1000,12362020
2025-09-25,22.5000,22.5000,22.1000,22.2000,1383096
2025-09-24,23.0000,23.0000,22.3000,22.4000,9437076
2025-09-23,23.4000,23.4000,22.9000,23.0000,5791189
2025-09-22,23.0000,23.5000,22.9000,23.4000,21736170
2025-09-19,22.6000,22.9000,22.6000,22.8000,13915390
2025-09-18,22.0000,22.6000,22.0000,22.5000,3986643
2025-09-17,22.1000,22.1000,21.9000,22.0000,1050707
2025-09-16,22.0000,22.1000,21.9000,22.1000,7205334
2025-09-15,22.0000,22.0000,21.8000,22.0000,6999235
2025-09-12,22.1000,22.1000,21.9000,22.0000,6539581
2025-09-11,22.3000,22.4000,21.9000,22.0000,7827773
2025-09-10,22.1000,22.3000,22.0000,22.2000,1241868
2025-09-09,22.5000,22.5000,22.0000,22.1000,8541553
2025-09-08,22.8000,22.8000,22.4000,22.4000,8414475
2025-09-04,22.7000,22.9000,22.7000,22.8000,3113454
2025-09-03,22.8000,22.9000,22.7000,22.7000,8231947
2025-09-02,23.0000,23.0000,22.7000,22.8000,6841908
2025-09-01,23.4000,23.4000,22.9000,23.0000,2373696
2025-08-29,23.1000,23.5000,23.0000,23.3000,5760710
2025-08-28,23.1000,23.1000,22.9000,23.0000,5773830
2025-08-27,23.5000,23.6000,23.0000,23.1000,8188540
2025-08-26,23.5000,23.9000,23.2000,23.3000,5196374
2025-08-25,23.8000,23.8000,23.4000,23.6000,3416392
2025-08-22,23.8000,24.0000,23.7000,23.9000,4453351
2025-08-21,23.8000,23.9000,23.7000,23.8000,6643869
2025-08-20,23.2000,23.8000,23.2000,23.7000,8043278
2025-08-19,23.6000,23.6000,23.0000,23.1000,1005232
2025-08-18,23.1000,23.6000,22.9000,23.5000,3794402
2025-08-15,22.9000,23.1000,22.7000,23.0000,13583560
2025-08-14,22.9000,23.0000,22.6000,22.8000,4798074
2025-08-13,22.9000,23.0000,22.5000,22.9000,6893668
2025-08-12,23.4000,23.4000,22.9000,23.0000,8507391
2025-08-11,23.5000,23.7000,23.3000,23.4000,4090531
2025-08-07,23.5000,23.7000,23.4000,23.5000,7622160
2025-08-06,23.5000,24.0000,23.4000,23.5000,9198999
2025-08-05,24.0000,24.0000,23.5000,23.5000,15254160
2025-08-04,24.8000,24.8000,23.9000,23.9000,1181578
2025-08-01,23.8000,24.7000,23.8000,24.6000,15016850
2025-07-31,24.0000,24.0000,23.5000,23.9000,20692260
2025-07-30,24.5000,24.7000,24.0000,24.1000,16189490
2025-07-29,24.9000,24.9000,24.3000,24.4000,18897740
2025-07-28,25.0000,25.1000,24.9000,25.0000,8186049
2025-07-25,25.0000,25.1000,24.9000,25.0000,1552171
2025-07-24,25.0000,25.1000,24.9000,25.0000,16703170
2025-07-23,25.1000,25.1000,24.9000,25.0000,1294441
2025-07-22,25.3000,25.3000,24.9000,25.1000,13160230
2025-07-21,25.5000,25.6000,25.2000,25.2000,3882114
2025-07-18,25.3000,25.7000,25.0000,25.5000,46859390
2025-07-17,25.7000,25.7000,24.9000,25.3000,13118100
2025-07-16,26.0000,26.0000,25.4000,25.6000,20908530
2025-07-15,25.5000,26.1000,25.3000,26.0000,42416920
2025-07-14,24.2000,25.5000,24.1000,25.1000,30424720
2025-07-11,23.3000,24.2000,23.2000,24.1000,24848970
2025-07-09,23.3000,23.5000,23.3000,23.5000,3840679
2025-07-08,23.6000,23.6000,23.1000,23.2000,15869940
2025-07-07,23.7000,23.8000,23.4000,23.6000,6099963
2025-07-04,23.5000,23.7000,23.0000,23.7000,24546000
2025-07-03,23.1000,23.8000,23.1000,23.4000,25915390
2025-07-02,22.9000,23.1000,22.8000,23.0000,18437270
2025-07-01,22.7000,23.0000,22.5000,22.8000,13765490
2025-06-30,22.2000,22.8000,22.1000,22.6000,17504350
2025-06-27,21.9000,22.2000,21.9000,22.1000,29037090
2025-06-26,22.0000,22.0000,21.8000,21.8000,3585064
2025-06-25,21.7000,22.1000,21.7000,22.0000,19950190
2025-06-24,21.6000,21.9000,21.5000,21.7000,15931940
2025-06-23,21.1000,21.4000,21.0000,21.1000,4624124
2025-06-20,21.3000,21.6000,21.3000,21.6000,3258166
2025-06-19,21.5000,21.7000,21.3000,21.3000,4373229
2025-06-18,21.7000,21.8000,21.5000,21.6000,1715933
2025-06-17,21.8000,22.1000,21.7000,21.8000,12449210
2025-06-16,21.7000,22.1000,21.1000,21.9000,8547070
2025-06-13,22.0000,22.3000,21.6000,22.0000,8083167
2025-06-12,22.5000,22.6000,22.3000,22.3000,5148870
2025-06-11,21.9000,22.5000,21.9000,22.5000,7835679
2025-06-09,22.0000,22.0000,21.7000,21.9000,2814562
2025-06-06,21.8000,22.0000,21.7000,21.9000,9880375
2025-06-05,21.5000,21.8000,21.4000,21.8000,1047813
2025-06-04,21.3000,21.5000,21.3000,21.4000,7962613
2025-06-03,21.1000,21.5000,21.1000,21.2000,7432303
2025-06-02,21.0000,21.2000,20.9000,21.1000,1060521
2025-05-30,21.0000,21.1000,20.8000,20.9000,1053617
2025-05-29,20.9000,21.2000,20.8000,21.1000,6681105
2025-05-28,21.2000,21.2000,20.7000,20.8000,7945949
2025-05-27,21.5000,21.6000,21.1000,21.2000,5790651
2025-05-26,21.4000,21.5000,21.0000,21.1000,2899314
2025-05-23,21.5000,21.5000,21.1000,21.4000,5041405
2025-05-22,21.3000,21.9000,21.3000,21.5000,2173648
2025-05-21,21.1000,21.3000,21.1000,21.2000,1084213
2025-05-20,21.4000,21.4000,21.0000,21.1000,5412423
2025-05-19,21.2000,21.5000,21.1000,21.2000,5323828
2025-05-16,20.6000,21.2000,20.6000,21.0000,15484650
2025-05-15,20.5000,20.7000,20.3000,20.6000,2302536
2025-05-14,20.3000,20.6000,20.2000,20.4000,2858895
2025-05-09,20.3000,20.4000,20.1000,20.2000,2302452
2025-05-08,20.2000,20.3000,20.1000,20.2000,5229235
2025-05-07,20.6000,20.6000,20.1000,20.1000,8647345
2025-05-06,20.8000,20.8000,20.6000,20.6000,513725
2025-05-05,20.4000,20.8000,20.4000,20.6000,13686120
2025-05-02,20.7000,20.8000,20.2000,20.3000,5297924
2025-04-30,20.8000,20.9000,20.7000,20.7000,8309777
2025-04-29,20.7000,20.9000,20.6000,20.8000,2642815
2025-04-28,20.1000,20.7000,20.1000,20.5000,1175415
2025-04-25,20.1000,20.2000,19.9000,20.1000,1417499
2025-04-24,20.0000,20.1000,19.9000,20.0000,3001104
2025-04-23,19.6000,20.0000,19.6000,19.9000,3868878
2025-04-22,20.0000,20.0000,19.6000,19.7000,7994259
2025-04-21,20.3000,20.3000,19.9000,19.9000,2007506
2025-04-17,20.3000,20.3000,19.9000,20.0000,1421364
2025-04-16,20.1000,20.2000,20.0000,20.0000,1298763
2025-04-11,20.1000,20.1000,19.9000,20.0000,2124511
2025-04-10,19.5000,20.5000,19.5000,20.1000,48065430
2025-04-09,19.7000,19.7000,19.1000,19.2000,45569720
2025-04-08,18.8000,19.8000,18.8000,19.7000,1300455
2025-04-07,19.5000,19.5000,18.3000,18.7000,49316360
2025-04-04,20.0000,20.0000,19.5000,19.6000,15387540
2025-04-03,20.2000,20.2000,19.9000,20.0000,31005750
2025-04-02,20.4000,20.5000,20.1000,20.2000,16436000
2025-04-01,20.3000,20.4000,20.2000,20.3000,3368976
2025-03-28,20.3000,20.5000,20.1000,20.2000,9494513
2025-03-27,20.1000,20.3000,19.9000,20.2000,6637644
2025-03-26,20.4000,20.4000,20.1000,20.1000,4660659
2025-03-25,20.5000,20.5000,20.2000,20.3000,1342855
2025-03-24,20.6000,20.6000,20.3000,20.4000,2418056
2025-03-21,20.5000,20.6000,20.4000,20.5000,1253042
2025-03-20,20.2000,20.7000,20.1000,20.5000,7919770
2025-03-19,20.2000,20.2000,20.0000,20.1000,7234898
2025-03-18,20.5000,20.5000,20.1000,20.2000,6676755
2025-03-17,20.9000,20.9000,20.3000,20.5000,3600836
2025-03-14,20.8000,20.8000,20.6000,20.7000,705626
2025-03-12,20.5000,20.8000,20.5000,20.7000,1300736
2025-03-11,20.9000,20.9000,20.5000,20.5000,2375440
2025-03-10,21.0000,21.0000,20.8000,20.9000,900211
2025-03-07,21.0000,21.1000,20.9000,21.0000,2060913
2025-03-06,21.0000,21.1000,20.9000,21.0000,35207530
2025-03-05,21.0000,21.1000,20.9000,20.9000,1168921
2025-03-04,21.0000,21.2000,20.9000,20.9000,7707791
2025-03-03,21.5000,21.6000,21.0000,21.1000,3411584
2025-02-28,21.4000,21.8000,21.2000,21.3000,3520788
2025-02-27,22.0000,22.0000,21.1000,21.4000,5243635
2025-02-25,22.2000,22.3000,21.9000,21.9000,7418677
2025-02-24,22.3000,22.4000,22.2000,22.2000,4348410
2025-02-21,22.3000,22.4000,22.2000,22.4000,8430923
2025-02-20,22.2000,22.4000,22.1000,22.2000,2938312
2025-02-19,22.3000,22.4000,22.1000,22.2000,7130460
2025-02-18,22.6000,22.8000,22.2000,22.3000,1118883
2025-02-17,22.9000,22.9000,22.6000,22.8000,4342462
2025-02-14,22.5000,23.0000,22.4000,22.9000,6576175
2025-02-13,22.4000,22.6000,22.2000,22.5000,9688736
2025-02-11,22.5000,22.6000,22.3000,22.4000,3014623
2025-02-10,22.8000,22.9000,22.4000,22.5000,2266035
2025-02-07,22.3000,22.8000,22.2000,22.8000,8151403
2025-02-06,22.0000,22.4000,22.0000,22.2000,4511388
2025-02-05,22.6000,22.6000,21.9000,22.0000,23174250
2025-02-03,22.7000,22.7000,22.5000,22.6000,15043940
2025-01-31,22.8000,23.0000,22.7000,22.7000,7908822
2025-01-30,22.6000,22.9000,22.6000,22.7000,13250550
2025-01-29,22.9000,23.0000,22.5000,22.6000,55594370
2025-01-28,23.1000,23.1000,22.8000,22.9000,29630660
2025-01-27,23.5000,23.6000,22.8000,23.1000,38084980
2025-01-24,23.9000,23.9000,23.4000,23.5000,18756450
2025-01-23,24.0000,24.1000,23.9000,23.9000,1274403
2025-01-22,23.8000,24.1000,23.7000,24.0000,24585660
2025-01-21,23.9000,23.9000,23.6000,23.7000,1060827
2025-01-20,24.0000,24.0000,23.8000,23.9000,4771421
2025-01-17,23.9000,24.1000,23.8000,24.0000,2082257
2025-01-16,24.0000,24.0000,23.9000,23.9000,2045060
2025-01-15,24.0000,24.1000,23.9000,24.0000,18868030
2025-01-10,23.7000,24.0000,23.6000,23.9000,9314437
2025-01-09,24.0000,24.2000,23.7000,23.8000,27332510
2025-01-08,23.8000,24.0000,23.8000,23.9000,13461280
2025-01-07,23.9000,24.0000,23.4000,23.9000,1208665
2025-01-06,24.0000,24.5000,23.5000,23.9000,33480870
2025-01-03,23.7000,24.4000,23.6000,23.8000,37656270
2025-01-02,22.6000,23.7000,22.5000,23.6000,54072730
2024-12-31,22.6000,22.8000,22.5000,22.6000,11771490
2024-12-30,22.3000,22.7000,22.3000,22.6000,29700570
2024-12-27,22.3000,22.4000,22.2000,22.3000,11082420
2024-12-26,22.4000,22.4000,22.1000,22.2000,7103263
2024-12-24,22.4000,22.5000,22.3000,22.4000,6628564
2024-12-23,22.5000,22.6000,22.3000,22.4000,1462498
2024-12-20,22.6000,22.7000,22.4000,22.5000,11034910
2024-12-19,22.4000,22.7000,22.4000,22.5000,17916250
2024-12-18,22.4000,22.5000,22.0000,22.3000,13000890
2024-12-17,21.9000,22.6000,21.8000,22.3000,29499700
2024-12-16,21.5000,21.9000,21.4000,21.7000,24740270
2024-12-13,21.5000,21.6000,21.3000,21.4000,1080862
2024-12-12,21.1000,21.5000,21.0000,21.4000,45675320
2024-12-11,21.1000,21.2000,20.9000,21.1000,49090520
2024-12-10,20.9000,21.2000,20.7000,21.0000,1142046
2024-12-09,20.8000,20.9000,20.7000,20.8000,9046921
2024-12-06,20.8000,21.0000,20.7000,20.7000,1141564
2024-12-05,20.8000,21.0000,20.7000,20.8000,9817348
2024-12-04,20.0000,20.7000,19.9000,20.6000,1109683
2024-12-03,19.9000,20.0000,19.8000,19.9000,3832565
2024-12-02,19.7000,19.9000,19.6000,19.8000,3927502
2024-11-29,20.0000,20.1000,19.7000,19.7000,1459118
2024-11-28,19.9000,20.3000,19.8000,20.0000,2039212
2024-11-27,19.8000,20.0000,19.6000,19.9000,3276977
2024-11-26,19.1000,20.0000,19.1000,19.8000,5511501
2024-11-25,19.9000,19.9000,19.1000,19.2000,16876080
2024-11-22,19.9000,20.0000,19.8000,19.9000,5885177
2024-11-21,20.6000,20.6000,19.8000,20.0000,29424910
2024-11-20,20.9000,21.0000,20.5000,20.7000,25495240
2024-11-19,21.2000,21.2000,20.4000,20.5000,14955690
2024-11-18,21.8000,21.9000,21.1000,21.2000,39100760
2024-11-14,21.7000,21.7000,21.4000,21.5000,6800338
2024-11-13,21.4000,21.7000,21.3000,21.6000,12579170
2024-11-12,21.0000,21.4000,20.9000,21.4000,5347420
2024-11-11,21.2000,21.2000,20.9000,20.9000,7702034
2024-11-08,21.6000,21.6000,21.1000,21.2000,5870648
2024-11-07,21.4000,21.9000,21.4000,21.5000,24499220
2024-11-06,21.5000,21.9000,20.6000,21.2000,57791390
2024-10-28,21.5000,21.6750,21.0250,21.2500,12791430
2024-10-25,21.0750,21.6000,21.0750,21.4000,20639140
2024-10-24,20.3500,21.1000,20.2750,20.9500,29622200
2024-10-23,19.9500,20.3500,19.9500,20.3000,22301650
2024-10-22,19.8000,20.0000,19.7000,19.9000,34119810
2024-10-21,19.6000,19.7500,19.6000,19.7250,4042400
2024-10-18,19.6000,19.7500,19.5750,19.7000,1844690
2024-10-16,19.6500,19.7000,19.5500,19.5750,5443800
2024-10-15,19.7500,19.8500,19.6000,19.6500,16340790
2024-10-14,19.7250,19.8000,19.7000,19.7000,10670450
2024-10-11,19.8000,19.8000,19.6000,19.7000,16593980
2024-10-10,19.8750,19.9000,19.5250,19.7500,16822730
2024-10-09,19.5000,19.9000,19.5000,19.8250,23054350
2024-10-08,19.0750,19.6000,18.6000,19.3750,5897110
2024-10-07,18.6500,19.0000,18.6500,18.9000,6410060
2024-10-04,18.0500,18.7000,18.0000,18.6250,6632190
2024-10-03,18.1250,18.1750,17.9500,18.0500,2342010
2024-10-02,18.4000,18.4000,18.0000,18.1500,2104580
2024-10-01,18.0000,18.5000,18.0000,18.3750,6939570
2024-09-30,17.3000,18.0500,17.3000,17.9250,9871390
2024-09-27,17.2000,17.3000,17.0000,17.2750,13298700
2024-09-26,17.1500,17.6500,17.1000,17.1500,2439300
2024-09-25,16.9000,17.3000,16.7500,17.1250,15360830
2024-09-24,16.9000,17.0000,16.8000,16.9000,6836950
2024-09-23,16.6500,16.9500,16.5000,16.8500,1189290
2024-09-20,16.8750,16.9500,16.5750,16.7250,1983940
2024-09-19,16.5000,16.9000,16.5000,16.5750,1430780
2024-09-18,16.4000,16.5000,16.3250,16.4500,1067510
2024-09-13,16.3000,16.3000,16.0000,16.1000,11420170
2024-09-12,16.4500,16.4500,16.0000,16.0000,11426750
2024-09-11,16.4500,16.4500,16.0000,16.1000,9834920
2024-09-10,16.4000,16.4000,15.9000,16.1000,25500750
2024-09-09,16.8000,16.8000,16.3500,16.4000,3995720
2024-09-06,16.7500,16.7500,16.5000,16.5500,2869800
2024-09-05,16.7250,17.8000,16.6000,16.6250,7079090
2024-09-04,16.8750,16.8750,16.6000,16.7000,10264320
2024-09-03,16.7500,16.7500,16.6000,16.7000,8044040
2024-09-02,16.8750,16.8750,16.7000,16.7500,5648530
2024-08-30,17.2000,17.2000,16.9000,16.9250,2870470
2024-08-29,17.4000,17.4750,17.1750,17.2000,1191920
2024-08-28,17.5000,17.5000,17.2750,17.3250,1665270
2024-08-27,17.7500,17.7750,17.4000,17.4500,2709180
2024-08-26,18.0000,18.0000,17.7000,17.7500,952580
2024-08-23,18.2000,18.2000,17.9500,18.0000,2956590
2024-08-22,18.3000,18.3000,18.1000,18.1000,2418440
2024-08-21,18.3000,18.3000,18.2000,18.2250,1295450
2024-08-20,18.1000,18.3250,18.1000,18.2500,7507200
2024-08-16,18.2000,18.2000,18.0000,18.0500,1161540
2024-08-15,18.0750,18.3000,18.0750,18.2000,845190
2024-08-14,17.9500,18.0500,17.9500,18.0000,29170830
2024-08-13,17.8000,17.9750,17.8000,17.9500,4288230
2024-08-12,18.0000,18.0000,17.8000,17.8000,734730
2024-08-09,18.0000,18.0000,17.9500,17.9750,2400300
2024-08-08,17.9500,18.0000,17.8500,17.9500,5158670
2024-08-07,17.9750,17.9750,17.9000,17.9250,2953240
2024-08-06,17.8000,18.1000,17.8000,17.9500,8965680
2024-08-05,18.1000,18.1000,17.7500,17.8000,3000270
2024-08-02,17.5500,18.1750,17.5500,18.0250,11163420
2024-08-01,17.2000,17.7000,17.1750,17.5250,9446520
2024-07-31,18.4000,18.4000,17.1000,17.1750,21168110
2024-07-30,19.1250,19.1250,18.8500,18.9250,3036130
2024-07-29,19.2000,19.2000,19.0500,19.1000,1807430
2024-07-26,19.3000,19.3000,19.0500,19.1250,4489240
2024-07-25,19.6000,19.6000,19.1750,19.2000,712570
2024-07-24,19.2500,19.6000,19.1000,19.3250,1371700
2024-07-23,19.2000,19.2000,19.0250,19.0500,1251890
2024-07-22,19.3750,19.4750,19.1000,19.1250,4136020
2024-07-19,19.4250,19.6000,19.3750,19.4000,4644600
2024-07-18,19.6000,19.7000,19.3750,19.4000,30639370
2024-07-17,19.7250,19.8000,19.4000,19.4250,30808930
2024-07-16,19.4250,19.8000,19.4250,19.5500,1599080
2024-07-15,19.4250,19.5000,19.3750,19.4250,40158550
2024-07-12,19.4000,19.6000,19.4000,19.4500,5655430
2024-07-11,20.0000,20.0000,19.4000,19.4500,6676800
2024-07-10,20.0000,20.0500,19.8250,19.9000,1523260
2024-07-09,20.1500,20.3500,19.9750,20.0000,4506820
2024-07-08,20.4500,20.4500,20.2000,20.2000,270660
2024-07-05,20.3250,20.5000,20.3250,20.3500,1201220
2024-07-04,20.4500,20.5750,20.3500,20.3500,33139280
2024-07-03,20.5000,20.5250,20.3500,20.3500,6562750
2024-07-02,20.5000,20.5750,20.4000,20.5000,1441280
2024-07-01,20.3000,20.5000,20.3000,20.4000,5283080
2024-06-28,20.6000,20.6000,20.3250,20.3750,6184420
2024-06-27,20.6250,20.6250,20.3000,20.3750,241450
2024-06-26,20.6500,20.6500,20.5000,20.6000,4890790
2024-06-25,20.5500,20.6500,20.5000,20.6000,8900210
2024-06-24,20.3000,20.7750,20.3000,20.6500,10196750
2024-06-20,20.3000,20.5000,20.1000,20.2000,48567000
2024-06-19,20.4500,20.5000,20.3000,20.3000,3044450
2024-06-18,20.4000,20.7000,20.3500,20.4000,30638730
2024-06-14,20.2500,20.5500,20.2250,20.5000,14971750
2024-06-13,20.4000,20.4000,20.3000,20.3000,5462840
2024-06-12,20.4000,20.4000,20.3000,20.3000,5773790
2024-06-11,20.3750,20.5000,20.3750,20.4000,26042450
2024-06-10,20.8000,20.8000,20.3750,20.4000,21207070
2024-06-07,20.5000,20.7000,20.5000,20.6000,1689460
2024-06-06,20.2750,20.6000,20.2750,20.5000,519700
2024-06-05,20.5750,20.6000,20.2250,20.3000,10962790
2024-06-04,20.4000,20.6000,20.4000,20.4000,222630
2024-06-03,20.6000,20.6000,20.4000,20.4000,331170
2024-05-31,20.6500,20.8500,20.6250,20.6750,5172740
2024-05-30,20.6000,20.7000,20.6000,20.7000,5001830
2024-05-29,20.8000,20.8000,20.5250,20.6000,1922180
2024-05-28,20.9000,21.0000,20.6750,20.7000,612480
2024-05-27,20.8500,20.9750,20.8000,20.9000,795170
2024-05-22,20.8500,20.9000,20.7000,20.8750,6380070
2024-05-21,20.5000,20.7250,20.5000,20.7000,13097320
2024-05-20,20.5000,20.7000,20.3000,20.6000,537670
2024-05-17,20.3000,20.7500,20.2000,20.5250,1781850
2024-05-16,20.2000,20.3500,20.1000,20.3000,14769190
2024-05-15,20.4750,20.6500,20.1750,20.2000,20898010
2024-05-14,20.8000,20.8000,20.2000,20.3250,43926410
2024-05-13,20.9500,20.9750,20.6250,20.7000,3420940
2024-05-10,20.6000,20.9000,20.6000,20.8750,7937470
2024-05-09,20.5000,20.6750,20.4000,20.6000,3743800
2024-05-08,20.2750,20.5500,20.2500,20.4750,12751010
2024-05-07,20.3000,20.3500,20.0000,20.1500,12208280
2024-05-06,20.5000,20.7000,20.2500,20.3000,7879630
2024-05-03,20.8750,20.9750,20.5000,20.5500,8483550
2024-05-02,21.5000,21.8000,20.8750,20.9250,11552110
2024-04-30,20.9500,21.0500,20.8750,20.9500,29913190
2024-04-29,20.8000,20.9250,20.7500,20.8500,11141010
2024-04-26,21.0000,21.0000,20.7500,20.8250,18688460
2024-04-25,20.5000,21.0000,20.4000,20.9750,7149390
2024-04-24,20.4750,20.5000,20.4750,20.5000,1910920
2024-04-22,20.3000,20.5000,20.3000,20.5000,1458040
2024-04-19,20.4000,20.4000,19.8250,20.3750,1163110
2024-04-18,20.3000,20.4000,20.3000,20.4000,4290610
2024-04-17,20.0000,20.3000,20.0000,20.3000,906620
2024-04-16,20.3000,20.4000,20.1000,20.1250,1542720
2024-04-15,20.0500,20.3000,20.0500,20.3000,4241530
2024-04-10,20.0000,20.1000,20.0000,20.0750,2275410
2024-04-09,19.9250,20.0000,19.8000,19.9750,1950090
2024-04-08,19.9250,20.1000,19.9000,19.9000,10348940
2024-04-05,19.9500,19.9500,19.8250,19.9000,2962280
2024-04-04,19.8750,19.9750,19.8500,19.9000,8328620
2024-04-03,19.6000,19.8750,19.6000,19.8500,6298940
2024-04-02,19.4000,19.7500,19.4000,19.7000,6149640
2024-04-01,19.4250,19.4500,19.3250,19.4250,357860
2024-03-28,19.2000,19.4750,19.2000,19.4000,6726470
2024-03-27,19.1000,19.2250,19.1000,19.2000,4199170
2024-03-26,19.0000,19.1750,19.0000,19.0500,403430
2024-03-25,19.1750,19.1750,19.0000,19.0500,4417360
2024-03-22,18.7750,19.0000,18.7750,19.0000,3160640
2024-03-21,19.0000,19.0000,18.7000,18.7500,961550
2024-03-20,19.0000,19.2500,18.9000,18.9250,2880750
2024-03-19,19.3000,19.3000,18.9750,19.0250,1370980
2024-03-18,19.1500,19.3000,19.1500,19.3000,970950
2024-03-15,19.0250,19.2250,19.0250,19.2000,1471110
2024-03-14,19.2000,19.2500,19.0000,19.0250,2402750
2024-03-13,19.1500,19.2000,19.0500,19.2000,1834110
2024-03-12,19.0500,19.1750,19.0000,19.1000,464010
2024-03-11,18.9000,19.0500,18.9000,19.0250,110530
2024-03-07,18.7000,19.0750,18.6500,18.9000,9706270
2024-03-06,19.0000,19.0000,18.6000,18.6250,540190
2024-03-05,19.0000,19.0000,18.7500,18.8000,2969100
2024-03-04,18.5750,19.0500,18.5750,19.0000,3609120
2024-03-01,18.6000,18.7500,18.4750,18.5000,4399320
2024-02-29,18.8000,18.8500,18.5000,18.5750,23991740
2024-02-28,19.0000,19.0000,18.7500,18.8000,1237650
2024-02-27,19.0000,19.0750,18.9250,18.9750,1057050
2024-02-26,19.4000,19.4250,19.0000,19.1000,6395080
2024-02-22,19.2000,19.4500,19.2000,19.4000,29503780
2024-02-21,19.1500,19.2750,19.1500,19.2500,3729650
2024-02-20,19.0000,19.2000,19.0000,19.1500,6822480
2024-02-19,18.7000,19.0500,18.7000,19.0000,7376430
2024-02-16,18.8500,18.9500,18.8000,18.9000,3528680
2024-02-15,18.9000,18.9000,18.8000,18.8000,3953290
2024-02-14,18.8000,18.8500,18.8000,18.8000,2962830
2024-02-13,18.7000,18.8250,18.7000,18.8000,9365260
2024-02-12,18.5000,18.8000,18.4000,18.7000,2158760
2024-02-09,18.4750,18.6000,18.4750,18.5750,9867500
2024-02-08,18.5000,18.5500,18.3000,18.4000,7038180
2024-02-07,18.2500,18.4000,18.2250,18.3000,63118560
2024-02-06,17.9000,18.3500,17.8750,18.2250,6464180
2024-02-02,18.1000,18.1000,17.8250,17.8250,4712480
2024-02-01,18.1000,18.1000,17.9250,18.0000,3748800
2024-01-31,17.9750,17.9750,17.8750,17.9250,2847370
2024-01-30,18.2000,18.2000,17.8500,17.8750,595790
2024-01-29,18.1000,18.2250,18.1000,18.1500,7616830
2024-01-26,18.0000,18.2500,18.0000,18.1500,11050060
2024-01-24,18.0000,18.0000,17.8000,17.8750,5955390
2024-01-23,18.1750,18.1750,17.9000,17.9750,11698630
2024-01-22,18.4000,18.4000,18.1250,18.1750,2140430
2024-01-19,18.4000,18.4000,18.3500,18.3500,4083210
2024-01-18,18.5000,18.5000,18.3500,18.3750,1709560
2024-01-17,18.7000,18.7000,18.4750,18.5000,3725160
2024-01-16,18.5750,18.7750,18.5750,18.6250,1997830
2024-01-12,18.6000,18.6500,18.5000,18.6000,4331190
2024-01-11,18.7000,18.9000,18.5000,18.5500,6262100
2024-01-10,18.9000,18.9000,18.7000,18.7500,7463760
2024-01-09,19.0000,19.0000,18.6250,18.7250,1588750
2024-01-08,19.0000,19.0000,18.8750,18.9000,1841040
2024-01-05,19.1000,19.1000,18.9500,18.9500,2962290
2024-01-04,19.0000,19.0500,19.0000,19.0000,1956150
2024-01-03,19.0000,19.1500,19.0000,19.1000,3387780
2024-01-02,19.1000,19.1000,18.9500,19.0250,278670
2023-12-29,19.2000,19.2000,19.0000,19.1000,4541670
2023-12-28,19.0000,19.2000,19.0000,19.1500,564110
2023-12-27,18.8750,19.1750,18.7500,19.1500,1309000
2023-12-22,19.0000,19.0750,18.9000,18.9000,1445230
2023-12-21,19.0000,19.0500,18.8500,19.0250,1465660
2023-12-20,18.9000,19.0750,18.7500,18.8500,783890
2023-12-19,19.2750,19.2750,18.9000,18.9500,1570110
2023-12-18,19.0500,19.2750,18.9750,19.0500,1554020
2023-12-15,19.3000,19.3000,19.1000,19.1500,798510
2023-12-14,19.2750,19.3000,19.1250,19.2750,1700680
2023-12-13,19.2750,19.2750,19.2250,19.2750,2231310
2023-12-12,19.2000,19.2750,19.2000,19.2000,2830230
2023-12-11,19.0000,19.2000,19.0000,19.2000,1823340
2023-12-08,19.3000,19.3000,18.9250,19.0000,2321150
2023-12-07,19.3000,19.3000,19.1000,19.1500,1155090
2023-12-06,19.3250,19.3250,19.2000,19.2250,7259360
2023-12-05,19.2000,19.3250,19.2000,19.3000,5755270
2023-12-04,19.0250,19.3000,19.0000,19.1750,1007020
2023-12-01,19.1500,19.3000,19.1500,19.2250,2315290
2023-11-30,18.9000,19.2500,18.7000,19.1750,41853550
2023-11-29,18.7750,18.7750,18.6250,18.6500,4019470
2023-11-28,18.8000,18.9000,18.6000,18.7250,2232590
2023-11-27,18.8000,18.8000,18.5750,18.6000,99110
2023-11-24,18.9000,18.9000,18.6500,18.8000,1173500
2023-11-23,19.0000,19.0000,18.7000,18.7500,202630
2023-11-22,18.9000,18.9750,18.7000,18.7750,4981820
2023-11-21,18.9000,19.0250,18.8500,19.0000,1661810
2023-11-20,19.0000,19.2250,18.9000,18.9750,1004970
2023-11-17,19.1000,19.1000,18.9500,18.9500,827380
2023-11-16,19.1250,19.1250,18.9250,18.9750,3160110
2023-11-15,19.2750,19.3000,19.1000,19.2000,933880
2023-11-14,19.4500,19.4500,19.2000,19.2500,7793830
2023-11-13,19.7000,19.7000,19.4000,19.4750,1605800
2023-11-10,19.8000,19.8000,19.6750,19.7000,9349590
2023-11-09,19.6000,19.7750,19.6000,19.7250,22072600
2023-11-08,19.5000,19.8000,19.4500,19.5750,35990260
2023-11-07,19.2750,19.5000,19.2500,19.4250,39533060
2023-11-06,19.2750,19.2750,19.2250,19.2500,20715760
2023-11-03,19.2750,19.3000,19.2500,19.2750,8120570
2023-11-02,19.2250,19.2750,19.2000,19.2500,9145100
2023-11-01,19.2000,19.2500,19.2000,19.2250,4575670
2023-10-31,19.2000,19.2500,19.2000,19.2250,8271490
2023-10-30,19.2500,19.2500,19.1750,19.2500,2473870
2023-10-27,19.1500,19.3000,19.1500,19.2500,6007390
2023-10-26,19.2500,19.2500,19.1000,19.1500,9527220
2023-10-25,19.2000,19.4000,19.2000,19.2750,10170380
2023-10-24,19.1250,19.2500,19.1250,19.2000,10322630
2023-10-23,19.1250,19.2000,19.1000,19.1250,4029630
2023-10-20,19.3000,19.3000,19.0750,19.1250,5082880
2023-10-19,18.9250,19.2500,18.9250,19.1000,4482130
2023-10-18,19.0000,19.0750,18.9500,19.0250,3384560
2023-10-17,19.3000,19.3000,19.0000,19.0000,15863150
2023-10-16,19.3250,19.4250,19.2500,19.3000,16822480
2023-10-13,19.1500,19.3750,19.1250,19.3000,8855620
2023-10-12,18.8750,19.1250,18.8000,19.1000,12602230
2023-10-11,18.8500,19.0000,18.8500,18.8500,3738900
2023-10-10,18.8000,19.0000,18.8000,18.9750,3061660
2023-10-09,19.0000,19.0000,18.7000,18.8250,6773790
2023-10-06,19.1000,19.1000,19.0000,19.0500,4862790
2023-10-05,19.1000,19.1500,19.0000,19.0500,6046880
2023-10-04,19.1000,19.1000,18.6250,19.0000,8884640
2023-10-03,19.1000,19.2000,19.0000,19.1000,14871060
2023-10-02,19.2250,19.2250,18.9750,19.0500,8632640
2023-09-27,19.2500,19.4500,19.2500,19.2750,11263910
2023-09-26,19.0250,19.2750,19.0000,19.2500,15529340
2023-09-25,18.9500,19.1250,18.9500,19.1000,7341170
2023-09-22,18.9000,19.0250,18.8000,19.0000,4314780
2023-09-21,18.7000,18.8500,18.5500,18.8000,9708990
2023-09-20,18.7000,18.7000,18.5000,18.6000,1481560
2023-09-19,18.9750,19.0000,18.6500,18.7000,1828100
2023-09-18,19.1000,19.1000,18.9000,18.9250,960340
2023-09-15,19.0500,19.1250,19.0000,19.0000,1315380
2023-09-14,18.8000,19.1500,18.8000,19.0000,7732000
2023-09-13,18.9500,19.0000,18.8250,18.8500,8609990
2023-09-12,18.8000,18.9750,18.7250,18.9000,1163970
2023-09-11,18.7500,19.0250,18.7500,18.9750,3419050
2023-09-08,18.6000,18.8000,18.6000,18.7500,848990
2023-09-07,18.9750,18.9750,18.5000,18.5500,16654090
2023-09-06,19.0750,19.1750,18.7750,18.8500,641000
2023-09-05,18.7000,19.1750,18.7000,19.1000,20404690
2023-09-04,18.1000,18.7500,18.0500,18.7000,59867170
2023-09-01,17.9750,18.0000,17.7250,17.8750,1711260
2023-08-31,18.0000,18.0000,17.8000,17.8750,4757450
2023-08-29,18.1000,18.1250,17.9500,18.0000,7686860
2023-08-28,18.3000,18.3000,18.0500,18.1250,20309060
2023-08-25,18.9000,18.9000,18.2000,18.2500,16854110
2023-08-24,18.9750,19.0000,18.7500,18.8750,2476540
2023-08-23,18.9750,19.0000,18.8000,18.9750,2994430
2023-08-22,19.2000,19.2000,18.6000,19.0750,14044960
2023-08-21,19.0000,19.3000,19.0000,19.2500,10453370
2023-08-18,19.1500,19.1750,18.8000,18.9750,2233770
2023-08-17,19.3000,19.6000,19.1500,19.2000,18108440
2023-08-16,18.3000,19.4500,18.3000,19.1500,28710270
2023-08-15,18.0000,18.7000,18.0000,18.3750,3053540
2023-08-14,19.0500,19.0500,17.9500,18.0500,70143890
2023-08-11,19.4000,19.4000,19.0250,19.1000,14029310
2023-08-10,19.7000,19.8000,19.4000,19.4000,3903400
2023-08-09,19.9000,19.9000,19.5000,19.6000,10624500
2023-08-08,19.6000,20.0000,19.3000,19.9500,21810930
2023-08-07,18.5000,19.9000,18.5000,19.5750,22572980
2023-08-04,17.5000,18.5000,17.5000,18.4250,70788690
2023-08-03,17.0000,17.5750,17.0000,17.5000,25572120
2023-08-02,16.9000,17.1000,16.8000,17.0000,40734320
2023-07-31,16.9000,16.9000,16.6750,16.7750,13373010
2023-07-28,16.8500,16.9500,16.6500,16.7000,21315480
2023-07-27,15.9000,16.8000,15.9000,16.7000,28809260
2023-07-26,15.5000,15.9250,15.5000,15.8750,7701410
2023-07-25,15.7250,15.9000,15.7000,15.9000,22877030
2023-07-24,15.8000,15.8250,15.6500,15.7750,5523120
2023-07-21,15.9000,15.9000,15.7750,15.8500,12798880
2023-07-20,15.7500,15.9000,15.7500,15.9000,7719330
2023-07-19,15.8000,15.8500,15.7250,15.7500,3643520
2023-07-18,15.8500,15.9000,15.7250,15.7500,1700240
2023-07-17,15.7500,15.9000,15.7500,15.8000,1391440
2023-07-14,15.8000,15.8000,15.6000,15.6750,2108010
2023-07-13,15.8750,15.9500,15.8000,15.8250,6146950
2023-07-12,15.7000,15.9000,15.7000,15.8000,16396470
2023-07-11,15.7000,15.9000,15.7000,15.8500,1754360
2023-07-10,15.6000,15.7500,15.5500,15.7250,5086120
2023-07-07,15.5750,15.6000,15.4000,15.5000,6667190
2023-07-06,15.8500,15.8500,15.5000,15.5500,7541110
2023-07-05,16.0000,16.1000,15.5500,15.9000,31336650
2023-07-04,15.1000,15.9000,15.0000,15.5500,52763000
2023-06-28,15.0000,15.0250,14.9750,15.0000,35550260
2023-06-27,15.0000,15.0750,14.8750,15.0000,20490440
2023-06-26,14.6000,15.0500,14.6000,14.9500,11867290
2023-06-23,14.3750,14.5500,14.3000,14.5250,6241940
2023-06-22,14.3500,14.4750,14.1000,14.3250,537620
2023-06-21,14.2500,14.3750,14.2500,14.3000,26415590
2023-06-20,14.1500,14.3000,14.1000,14.2250,461190
2023-06-19,14.1000,14.1750,14.0750,14.1250,848110
2023-06-16,14.0750,14.2000,14.0750,14.1250,25800380
2023-06-15,14.1750,14.1750,14.0500,14.0500,4448410
2023-06-14,14.1500,14.2000,14.1000,14.1750,15347480
2023-06-13,14.1500,14.1500,14.0250,14.1250,3486800
2023-06-12,14.0250,14.1000,14.0000,14.0250,6406350
2023-06-09,13.9750,14.0500,13.9500,14.0000,69679520
2023-06-08,13.8500,14.0000,13.8000,13.9750,4474590
2023-06-07,13.9250,13.9500,13.8750,13.8750,1020220
2023-06-06,14.0000,14.0000,13.9500,13.9750,6865760
2023-06-05,13.8500,14.0000,13.8000,14.0000,19441990
2023-06-02,13.9000,13.9000,13.8000,13.8500,13361570
2023-06-01,13.6000,13.9000,13.6000,13.8000,39348550
2023-05-31,13.9000,13.9000,13.5750,13.6000,2659680
2023-05-30,13.7000,13.7000,13.5000,13.5750,5765570
2023-05-29,13.6250,13.8000,13.6000,13.6000,677960
2023-05-26,14.0000,14.0000,13.6250,13.6500,726820
2023-05-25,13.8000,13.9750,13.6000,13.8750,37593860
2023-05-24,13.8000,13.8000,13.6500,13.8000,171500
2023-05-23,13.6750,13.8000,13.5750,13.6250,133380
2023-05-22,13.5500,13.6750,13.5500,13.6500,507290
2023-05-19,13.7000,13.7000,13.5250,13.5750,873570
2023-05-18,13.8500,13.8500,13.5250,13.6750,10961910
2023-05-17,13.9500,13.9500,13.8250,13.8500,1181920
2023-05-16,13.9750,14.0500,13.9000,13.9500,15722460
2023-05-15,13.8000,13.9750,13.8000,13.9500,853230
2023-05-12,13.8000,13.8750,13.8000,13.8500,590730
2023-05-11,13.7250,13.9000,13.7000,13.8500,977690
2023-05-10,13.8000,13.8500,13.7000,13.7750,339890
2023-05-09,13.8500,13.9000,13.7500,13.8750,661410
2023-05-08,13.6750,13.8750,13.6750,13.8000,480410
2023-05-04,13.7500,13.7500,13.6250,13.6750,8400
2023-05-03,13.5500,13.6000,13.5000,13.5750,9440990
2023-05-02,13.8000,13.8500,13.5000,13.5500,2003250
2023-04-28,13.8000,13.8500,13.7500,13.8000,4133790
2023-04-27,13.8000,13.8250,13.6250,13.8250,2030990
2023-04-26,13.8000,13.9000,13.8000,13.8250,661090
2023-04-25,13.8000,13.9000,13.8000,13.8500,1089030
2023-04-24,13.7500,13.9250,13.7500,13.9000,8098310
2023-04-21,13.7000,13.8500,13.7000,13.8500,3147900
2023-04-20,13.7000,13.8500,13.6250,13.7000,7758990
2023-04-19,13.5000,13.8500,13.5000,13.7000,76260
2023-04-18,13.9000,13.9000,13.4750,13.5000,10196050
2023-04-17,13.9500,13.9500,13.5000,13.5250,13900750
2023-04-12,13.8750,13.9000,13.7250,13.7500,2696500
2023-04-11,13.8000,13.9000,13.7500,13.8750,6759220
2023-04-10,14.0250,14.0250,13.7750,13.8000,3893480
2023-04-06,14.0000,14.0000,13.8250,13.8750,1019140
2023-04-04,14.0000,14.0000,13.8750,13.9500,3072000
2023-04-03,13.9000,14.0000,13.8750,13.9000,539760
2023-03-31,14.0000,14.1000,13.9750,14.0000,17938610
2023-03-30,14.1000,14.2500,13.9000,14.0000,2111300
2023-03-29,14.2750,14.2750,14.0500,14.1000,658600
2023-03-28,14.2000,14.2000,13.9000,14.0000,2354290
2023-03-27,14.4750,14.4750,14.2000,14.2500,1252510
2023-03-24,14.3250,14.4250,14.3000,14.4000,1600160
2023-03-23,14.4750,14.5000,14.3000,14.4000,1980850
2023-03-22,14.4750,14.5250,14.4000,14.4750,1767260
2023-03-21,14.6000,14.6000,14.3500,14.4000,491650
2023-03-20,14.4250,14.5500,14.4250,14.5000,8742150
2023-03-17,14.4500,14.4750,14.4000,14.4000,2829750
2023-03-16,14.3500,14.5000,14.3500,14.4500,8626960
2023-03-15,14.2000,14.4500,14.0000,14.4000,11495020
2023-03-14,14.0250,14.1750,14.0000,14.1000,5902390
2023-03-13,14.2000,14.2000,14.0500,14.1500,11846170
2023-03-10,14.3000,14.3000,14.1250,14.2000,17482060
2023-03-09,14.1250,14.3000,14.0750,14.2500,8318660
2023-03-08,14.0250,14.1000,14.0000,14.0250,12182770
2023-03-07,14.0000,14.0250,13.9000,14.0000,13824860
2023-03-03,13.8000,13.9750,13.6250,13.9500,3793730
2023-03-02,13.8000,13.8500,13.6000,13.7250,1387900
2023-03-01,13.5000,13.8000,13.5000,13.7000,4376580
2023-02-28,13.5500,13.6000,13.4500,13.5000,13624120
2023-02-27,13.8000,13.8000,13.5250,13.5750,3278990
2023-02-24,13.9750,14.2000,13.7500,13.8500,5500870
2023-02-23,13.8000,13.9750,13.8000,13.8750,5281560
2023-02-22,13.8000,13.9000,13.7000,13.7500,22431180
2023-02-21,13.8000,13.8500,13.7500,13.7500,47530390
2023-02-20,14.0000,14.0000,13.7750,13.8000,7343610
2023-02-17,14.0000,14.0000,13.9000,13.9500,3057140
2023-02-16,14.0750,14.0750,13.9500,14.0000,15356510
2023-02-15,14.0000,14.0750,13.9250,14.0000,7559970
2023-02-14,14.1000,14.1500,14.0000,14.0000,22806520
2023-02-13,14.3750,14.3750,13.9000,14.1000,474110
2023-02-10,14.3500,14.4000,14.3250,14.3750,14121190
2023-02-09,14.4000,14.4500,14.3250,14.4500,21357650
2023-02-08,14.5000,14.5000,14.3500,14.4000,13187790
2023-02-07,14.5250,14.6000,14.4750,14.5500,52504800
2023-02-06,14.5000,14.6000,14.4750,14.5500,31113840
2023-02-03,14.3500,14.5000,14.3500,14.4750,57246790
2023-02-02,14.0000,14.3500,14.0000,14.3500,16618610
2023-02-01,13.9500,14.0000,13.8500,14.0000,17119880
2023-01-31,14.0000,14.0000,13.9000,13.9500,8980770
2023-01-30,13.6500,14.0000,13.6500,14.0000,8980870
2023-01-27,13.7000,14.0000,13.7000,13.9250,5004740
2023-01-26,13.8000,13.8250,13.7000,13.7750,2980070
2023-01-25,13.7500,13.9000,13.7250,13.8000,2649260
2023-01-24,13.9000,13.9500,13.7500,13.7750,2852730
2023-01-23,13.8000,14.0500,13.7500,13.7750,599050
2023-01-20,13.6250,13.9250,13.6000,13.7500,9920180
2023-01-19,13.8000,13.8000,13.6000,13.6250,13462780
2023-01-18,13.6500,13.7250,13.6500,13.6750,127220
2023-01-17,13.6500,13.7500,13.6250,13.6500,273590
2023-01-13,13.5750,13.7000,13.5750,13.6750,981880
2023-01-12,13.6000,13.7000,13.5750,13.5750,5759420
2023-01-11,13.5500,13.6000,13.5500,13.6000,1321580
2023-01-10,13.5250,13.6250,13.5250,13.5250,1042260
2023-01-09,13.8000,13.8000,13.5250,13.5750,189240
2023-01-05,13.8750,13.8750,13.7750,13.8000,12690180
2023-01-04,13.7000,13.9500,13.6000,13.8500,1388170
2023-01-03,13.5500,13.9750,13.5500,13.7750,9760610
2023-01-02,13.6500,13.8000,13.5000,13.5500,6984520
2022-12-30,13.6000,13.6000,13.5000,13.5250,5814010
2022-12-29,13.6750,13.6750,13.5000,13.5500,7922250
2022-12-28,13.8500,13.8500,13.6000,13.6000,55980
2022-12-27,13.8750,13.8750,13.6500,13.7250,130220
2022-12-23,13.7750,13.9000,13.5500,13.7750,1322420
2022-12-22,13.9000,13.9500,13.8000,13.8000,10822270
2022-12-21,13.9500,14.0000,13.9000,13.9500,2727650
2022-12-20,14.0000,14.0500,13.9500,13.9500,11591530
2022-12-19,14.2000,14.2000,13.9750,14.0000,6879120
2022-12-16,14.1000,14.1000,14.0000,14.0750,2632100
2022-12-15,14.2000,14.2000,14.0500,14.1000,1023710
2022-12-14,14.1000,14.3000,14.1000,14.2000,576880
2022-12-13,14.4000,14.4000,14.0500,14.1000,6491940
2022-12-12,14.7000,14.7000,14.3500,14.4750,2915310
2022-12-09,14.9500,14.9750,14.6000,14.7000,1814830
2022-12-08,14.7000,15.0000,14.7000,14.9250,16021440
2022-12-06,14.3750,14.7500,14.3750,14.6750,33297190
2022-12-05,14.0750,14.3750,14.0750,14.3500,2074050
2022-12-02,13.9750,14.1000,13.9750,14.0000,13208460
2022-12-01,14.0000,14.0000,13.9500,13.9500,407280
2022-11-30,14.0000,14.0250,13.9000,14.0000,3491230
2022-11-29,14.0000,14.1000,13.9500,14.0000,3880500
2022-11-28,13.9750,14.0000,13.8500,13.9250,912440
2022-11-25,14.0000,14.0500,13.9000,14.0000,2347750
2022-11-24,13.9500,14.0000,13.8500,13.9500,4597080
2022-11-23,13.9500,14.1000,13.9000,14.0000,950470
2022-11-22,13.7500,14.0000,13.7500,13.9000,3625450
2022-11-21,13.7500,13.8000,13.6250,13.7750,20354340
2022-11-18,13.8000,13.8500,13.7000,13.7500,2272740
2022-11-17,14.0000,14.0500,13.7500,13.9000,7556430
2022-11-16,14.1000,14.1000,14.0500,14.0500,3361210
2022-11-15,14.1000,14.2500,14.0250,14.1500,4849940
2022-11-14,13.9750,14.0250,13.7750,13.9750,4599600
2022-11-11,13.8750,13.9750,13.7000,13.8750,2622590
2022-11-10,13.5500,14.1000,13.5500,13.9750,40153510
2022-11-09,13.3000,13.7000,13.2500,13.5500,6657290
2022-11-08,13.0500,13.2750,12.9000,13.2500,5458090
2022-11-04,13.0000,13.0000,12.9000,12.9000,261440
2022-11-03,13.0500,13.0500,12.9000,12.9500,457890
2022-11-02,13.1000,13.1000,13.0250,13.0250,3108050
2022-11-01,13.2000,13.2500,13.0750,13.1000,4237890
2022-10-31,13.4000,13.4000,13.2000,13.2500,1672420
2022-10-28,13.4250,13.5000,13.3000,13.4000,1842300
2022-10-27,13.0000,13.4000,13.0000,13.3000,12704430
2022-10-26,13.0000,13.1000,12.9250,12.9750,10326600
2022-10-25,13.3000,13.3000,12.9000,12.9000,32670000
2022-10-21,12.9500,13.0000,12.8750,12.9000,10802690
2022-10-20,13.0250,13.2000,12.9500,12.9750,3409040
2022-10-19,13.0750,13.2500,13.0750,13.1750,1003800
2022-10-18,13.1750,13.1750,12.9500,13.0750,5032690
2022-10-17,13.3000,13.3000,13.1000,13.1250,1058340
2022-10-14,13.1000,13.2500,13.1000,13.1750,892910
2022-10-13,12.9000,13.1000,12.9000,13.0000,18276260
2022-10-12,12.9000,12.9000,12.7500,12.8500,5380230
2022-10-11,13.3000,13.3000,12.8000,12.8500,58391950
2022-10-07,13.0000,13.0000,12.8000,12.9000,5454250
2022-10-06,13.0250,13.0750,12.9000,12.9250,6662960
2022-10-05,13.0000,13.5000,12.9750,13.0000,11675270
2022-10-04,13.5000,13.5000,12.8250,13.0500,10652730
2022-10-03,13.8000,13.8000,13.5000,13.6250,1847040
2022-09-30,13.7750,13.8250,13.7000,13.7250,8772680
2022-09-29,13.8250,13.9750,13.6000,13.8000,7337350
2022-09-28,13.8000,13.8250,13.7000,13.7250,1267040
2022-09-27,14.0000,14.0000,13.7000,13.8000,2469730
2022-09-26,14.2000,14.3000,13.9750,13.9750,12011530
2022-09-23,14.3500,14.3500,14.2000,14.2750,10604670
2022-09-22,14.4000,14.4500,14.2250,14.3000,5702000
2022-09-21,14.3500,14.5000,14.3000,14.4000,5944670
2022-09-20,14.4750,14.7000,14.3000,14.3250,9700310
2022-09-19,14.7000,14.7000,14.1750,14.3250,3245680
2022-09-16,15.5000,15.5000,14.6000,14.7000,12474680
2022-09-15,15.1000,15.7000,14.9500,15.1000,39396160
2022-09-14,13.3000,14.3000,13.3000,13.9000,12189130
2022-09-13,13.4500,13.4500,13.2500,13.3000,4188280
2022-09-12,13.2500,13.5000,13.2000,13.2500,10905660
2022-09-09,12.7000,13.2000,12.7000,13.0500,30730340
2022-09-08,12.4750,12.7000,12.4500,12.5000,17941880
2022-09-07,12.4500,12.6750,12.4500,12.4750,441750
2022-09-06,12.7000,12.7000,12.4250,12.5000,1468500
2022-09-05,12.9000,12.9000,12.5000,12.7000,320300
2022-09-02,12.9500,12.9750,12.8000,12.8250,2277780
2022-09-01,12.9750,12.9750,12.8000,12.8250,4504500
2022-08-31,12.6500,13.0000,12.5500,12.7750,3328890
2022-08-30,12.4250,12.6500,12.2500,12.5750,1658790
2022-08-29,12.6000,12.6000,12.2750,12.3000,1286970
2022-08-26,12.3000,12.7500,12.1000,12.4000,5717400
2022-08-25,12.5000,12.5000,12.2500,12.3000,1104320
2022-08-24,12.5000,12.5000,12.3500,12.4750,13204520
2022-08-23,12.7000,12.7000,12.4750,12.5000,12274290
2022-08-22,12.8000,12.8000,12.6250,12.7000,3912050
2022-08-19,12.8500,12.8750,12.7500,12.7750,8646230
2022-08-18,12.8000,12.8500,12.7250,12.7750,7300100
2022-08-17,13.0000,13.0000,12.7500,12.8000,5973040
2022-08-16,12.9750,13.1000,12.9500,13.0000,8257420
2022-08-15,12.8000,13.3000,12.8000,12.9750,7835020
2022-08-12,12.5000,12.8250,12.4000,12.6500,28464650
2022-08-10,11.9500,12.4000,11.9500,12.2000,19073100
2022-08-09,12.0000,12.1750,11.9000,11.9250,21184280
2022-08-08,11.9000,11.9250,11.8500,11.9000,16728690
2022-08-05,12.0000,12.1000,11.8750,11.9000,18239980
2022-08-04,11.9500,12.1000,11.9000,12.0000,15642750
2022-08-03,12.0000,12.0000,11.9000,11.9250,16308910
2022-08-02,12.0000,12.1000,11.9250,11.9500,9742320
2022-08-01,12.2000,12.2000,11.9000,11.9750,7579620
2022-07-29,12.1000,12.2000,12.0000,12.0500,5935850
2022-07-28,12.2000,12.2000,12.0000,12.0250,1062600
2022-07-27,12.1000,12.1000,12.0500,12.0500,319180
2022-07-26,12.1250,12.1250,11.9750,11.9750,228500
2022-07-25,12.1000,12.1250,11.8750,11.9500,1996180
2022-07-22,12.2000,12.2000,12.0000,12.0250,1553620
2022-07-21,12.2000,12.2000,12.0000,12.0250,14337440
2022-07-20,12.3000,12.3000,12.0500,12.1000,14524130
2022-07-19,12.3000,12.3750,12.2000,12.2000,2269310
2022-07-18,12.3000,12.4000,12.0500,12.2000,10406500
2022-07-15,12.3000,12.3000,12.1500,12.2000,7101530
2022-07-14,12.3000,12.3000,12.1750,12.2000,5196070
2022-07-12,12.3000,12.4000,12.3000,12.3000,704420
2022-07-11,12.2250,12.3000,12.1750,12.3000,2151940
2022-07-08,12.1500,12.3000,12.1500,12.2250,85140
2022-07-07,12.3750,12.3750,12.1750,12.2000,5684710
2022-07-06,12.0250,12.4000,12.0250,12.3000,6264690
2022-07-05,12.2000,12.3000,12.0250,12.1000,278430
2022-07-04,12.5000,12.5000,12.0250,12.1000,7732830
2022-07-01,12.2500,12.4000,12.1750,12.2250,12031830
2022-06-30,12.2000,12.2000,12.1750,12.2000,204570
2022-06-29,12.2250,12.3500,12.2000,12.2000,768560
2022-06-28,12.2000,12.3500,12.2000,12.3000,270410
2022-06-27,12.3750,12.3750,12.2000,12.2000,3678210
2022-06-24,12.1500,12.5000,12.1500,12.2250,7156040
2022-06-23,12.1250,12.5500,12.1250,12.2000,2306650
2022-06-22,12.1000,12.5000,12.1000,12.3750,585650
2022-06-21,12.0000,12.4000,12.0000,12.0500,1276270
2022-06-20,12.1000,12.1000,12.0000,12.0000,1211910
2022-06-17,12.4000,12.4000,12.1000,12.1000,2417790
2022-06-16,12.5000,12.5000,12.3750,12.4000,5497920
2022-06-15,12.5000,12.5000,12.3500,12.4250,2212350
2022-06-13,12.5000,12.6000,12.4500,12.5000,1101920
2022-06-10,12.6000,12.6000,12.4000,12.4750,3004490
2022-06-09,12.5000,12.6000,12.5000,12.5000,87910
2022-06-08,12.5500,12.6000,12.4750,12.5250,6970950
2022-06-07,12.3500,12.7000,12.2500,12.3000,5114690
2022-06-06,12.6000,12.6000,12.3000,12.3750,2057640
2022-06-03,12.6250,12.7000,12.4750,12.5250,361950
2022-06-02,12.5000,12.9750,12.4750,12.6750,193260
2022-06-01,12.5000,12.5000,12.2000,12.3500,1372790
2022-05-31,12.4000,12.5000,12.3750,12.4000,5026330
2022-05-30,12.6000,12.8000,12.4000,12.4000,5555160
2022-05-27,12.9000,12.9000,12.5000,12.5500,5316700
2022-05-26,13.0750,13.0750,12.8250,12.9000,849770
2022-05-25,13.3000,13.3000,13.0250,13.0750,2840770
2022-05-24,13.8000,13.8000,13.2750,13.3250,1098200
2022-05-23,13.5500,13.5500,13.2500,13.2750,4672660
2022-05-20,13.5000,13.6000,13.2000,13.2250,3905840
2022-05-19,13.5500,13.5500,13.3000,13.3500,577500
2022-05-18,13.4750,13.8500,13.4000,13.5250,856840
2022-05-17,13.8000,13.8000,13.1000,13.3250,324020
2022-05-13,12.9000,14.0000,12.7000,12.7500,3909810
2022-05-12,12.5000,12.5000,12.3500,12.5000,1509640
2022-05-10,12.4750,12.4750,12.4750,12.4750,0
2022-05-09,12.0000,12.5000,12.0000,12.4750,350830
2022-05-06,12.8000,12.8000,12.4000,12.4000,273510
2022-05-05,12.3500,12.9750,12.3500,12.9000,7938590
2022-05-04,12.4000,12.5000,12.1750,12.3750,938530
2022-04-29,12.2000,13.5000,12.1750,12.3000,592890
2022-04-28,12.2250,12.2250,11.8750,11.9750,8581100
2022-04-27,11.6250,12.9000,11.6250,12.2250,1862130
2022-04-26,11.7000,12.0000,11.7000,11.8250,336270
2022-04-08,14.1000,14.1750,13.9000,14.0250,3478010
2022-04-07,14.5000,14.5000,14.1500,14.2000,383640
2022-04-06,14.9500,14.9500,14.4500,14.5000,13214580
2022-04-05,14.2000,15.0000,14.2000,14.7250,1703530
2022-04-04,14.5000,15.0000,13.5000,14.2000,1862930
2022-04-01,14.4000,17.0000,12.3750,14.9000,675500
2022-03-31,14.5000,14.6000,14.3000,14.5000,4353410
2022-03-30,15.2000,15.2000,14.2000,15.0000,8392430
2022-03-29,15.4750,15.6000,15.0000,15.2000,5966390
2022-03-28,15.8500,15.8500,15.4000,15.5000,4004180
2022-03-25,15.7500,15.8000,15.6000,15.7000,23251380
2022-03-24,15.7500,15.8000,15.6000,15.6750,7404460
2022-03-23,15.7000,15.8000,15.5000,15.7000,23927670
2022-03-22,15.7500,15.7500,15.5000,15.6750,688410
2022-03-21,15.6000,15.7500,15.3000,15.7000,4778710
2022-03-18,15.1750,15.8000,15.1000,15.6500,2372730
2022-03-16,14.5250,15.2750,14.5250,15.1750,3914620
2022-03-15,14.6500,14.8000,14.5000,14.6000,331520
2022-03-14,15.1000,15.1000,14.5000,14.8250,755680
2022-03-11,15.0000,15.1000,14.9000,14.9250,3899530
2022-03-10,14.1250,15.0750,14.0250,14.9500,1505950
2022-03-09,14.3000,14.3000,14.1000,14.1250,7123820
2022-03-08,14.5500,14.6000,14.2500,14.3000,3967180
2022-03-07,14.6000,14.6750,14.4000,14.4500,12818510
2022-03-04,14.6000,14.6500,14.5000,14.5750,17261260
2022-03-03,14.8000,14.8000,14.5000,14.6000,1537920
2022-03-02,14.9000,14.9500,14.7000,14.8000,1402630
2022-02-28,14.8000,14.9500,14.6750,14.9000,3540190
2022-02-25,14.5000,14.8000,14.3000,14.7000,3267210
2022-02-24,14.9000,14.9000,14.4000,14.5000,2605310
2022-02-23,14.9000,15.0000,14.4000,14.9250,4158640
2022-02-22,14.9500,15.3000,14.8000,15.0000,2275240
2022-02-21,15.5000,15.6000,14.9000,15.0000,4666430
2022-02-18,15.7750,15.7750,15.5000,15.5250,1696520
2022-02-17,15.9500,15.9500,15.5250,15.7750,937460
2022-02-15,15.7500,16.1750,15.5500,15.9500,4220700
2022-02-14,15.7000,15.7000,15.5250,15.6500,1267800
2022-02-11,15.5000,15.7000,15.3250,15.7000,2455160
2022-02-10,15.7000,15.7250,15.2000,15.6500,6545850
2022-02-09,15.7000,15.7750,15.3500,15.5250,5003050
2022-02-08,15.7000,15.7250,15.5000,15.7000,12160240
2022-02-07,15.8000,15.9750,15.6000,15.7000,26051950
2022-02-03,15.8000,15.9000,15.5000,15.8000,2883470
2022-02-02,16.0000,16.0000,15.7500,15.8250,2449170
2022-02-01,16.0500,16.1000,15.9000,16.0000,2155930
2022-01-31,16.0000,16.1000,15.8000,16.0250,8447560
2022-01-28,16.1000,16.2000,15.7500,15.9500,4891640
2022-01-27,16.1000,16.4750,15.9500,16.0750,5528750
2022-01-26,16.0250,16.1000,15.9000,16.0250,3026630
2022-01-25,16.2000,16.3000,16.0000,16.0500,1927000
2022-01-24,16.1000,16.3750,16.1000,16.2000,80657760
2022-01-21,16.2000,16.2000,15.9000,16.1000,12099730
2022-01-20,16.3000,16.3250,16.1500,16.2000,1717720
2022-01-19,16.4000,16.4000,16.0000,16.2750,1945990
2022-01-18,16.6250,16.7500,16.2000,16.3750,5015770
2022-01-13,15.6500,16.6750,15.5000,16.3250,12802700
2022-01-12,15.7000,15.7500,15.6000,15.7000,1239680
2022-01-11,15.4000,15.8000,15.2500,15.7500,4860840
2022-01-10,15.7500,15.9000,15.4000,15.7000,4315330
2022-01-07,15.2000,15.8250,15.0000,15.5500,33436920
2022-01-06,15.0000,15.2000,14.8500,15.1000,3185360
2022-01-05,14.7000,15.1750,14.7000,15.0750,15577510
2022-01-04,15.2000,15.3250,14.9000,14.9500,3173110
2022-01-03,14.9000,15.3250,14.9000,15.2750,7995930
2021-12-31,15.1000,15.1000,14.9500,15.0000,2435540
2021-12-30,15.0250,15.1000,15.0000,15.0250,662770
2021-12-29,15.0000,15.1250,14.9750,15.1000,1678470
2021-12-28,15.1000,15.1750,15.0250,15.1000,1971250
2021-12-27,15.0000,15.1000,14.9500,15.0500,1828140
2021-12-24,15.3000,15.3000,15.0000,15.0500,605350
2021-12-23,15.1000,15.2750,14.9500,15.1750,6066130
2021-12-22,14.6000,15.1250,14.5500,15.0500,6260780
2021-12-21,14.6500,14.7000,14.5000,14.6250,1972290
2021-12-20,14.8000,14.8000,14.4500,14.5250,2083200
2021-12-17,14.3000,14.7500,14.3000,14.6500,1885490
2021-12-16,14.3000,14.3500,14.2000,14.2250,13324370
2021-12-15,14.3250,14.4000,14.1500,14.2250,4473650
2021-12-14,14.4000,14.4500,14.3250,14.3750,3580830
2021-12-13,14.5250,14.5250,14.3750,14.4000,14520210
2021-12-10,14.5500,14.7000,14.4000,14.5000,7338530
2021-12-09,14.6000,14.6000,14.4250,14.5250,16098000
2021-12-08,14.5000,14.5750,14.4500,14.5000,11184290
2021-12-07,14.5250,14.5500,14.4250,14.5000,4426170
2021-12-06,14.5000,14.7000,14.4500,14.5000,914790
2021-12-03,14.7000,14.7250,14.5000,14.5000,1739990
2021-12-02,14.5500,14.7000,14.5000,14.5750,1347200
2021-12-01,14.4000,14.8000,14.3250,14.5250,4312660
2021-11-30,14.7750,14.7750,14.2000,14.2500,30860140
2021-11-29,14.8000,15.0000,14.6500,14.7000,3162340
2021-11-26,15.2000,15.2000,15.0000,15.0000,8239020
2021-11-25,15.4500,15.4500,15.0000,15.1750,4780820
2021-11-24,15.5000,15.5000,15.3000,15.3500,3031610
2021-11-23,15.4750,15.7000,15.3500,15.4750,3965880
2021-11-22,15.5250,15.7250,15.1500,15.4250,8140940
2021-11-19,15.0000,15.5250,14.9000,15.4500,10872510
2021-11-17,14.9250,15.0750,14.7000,14.9750,2713050
2021-11-16,15.0000,15.0250,14.9000,15.0000,5359340
2021-11-15,14.7000,15.1000,14.5500,15.0250,6268750
2021-11-12,14.9250,15.0500,14.8500,15.0000,3541100
2021-11-11,14.7000,15.0250,14.7000,14.9500,7957260
2021-11-10,14.7000,14.8500,14.6500,14.8000,13460540
2021-11-09,14.8250,14.8500,14.6000,14.7000,10784690
2021-11-08,15.0000,15.0000,14.8000,14.8750,6678480
2021-11-05,15.0000,15.1000,14.9000,15.0000,19198880
2021-11-03,15.1000,15.1750,15.0000,15.0000,17603380
2021-11-02,14.7000,15.0500,14.7000,15.0000,7017160
2021-11-01,14.8500,14.8500,14.7000,14.7250,4351710
2021-10-29,14.6250,14.9500,14.5000,14.9000,23125660
2021-10-28,14.5000,14.8250,14.5000,14.6250,4288670
2021-10-27,14.4000,14.5750,14.3500,14.4750,4310910
2021-10-26,14.1000,14.4750,14.1000,14.3500,2894240
2021-10-25,14.0000,14.4750,14.0000,14.1000,19394600
2021-10-22,14.3000,14.3000,14.1000,14.1250,7173330
2021-10-21,14.4000,14.4000,14.2250,14.2750,6864010
2021-10-18,14.6000,14.6000,14.2000,14.4000,4156600
2021-10-15,14.8000,14.8500,14.5500,14.6000,9695890
2021-10-14,14.7750,15.0000,14.7250,14.8000,2742890
2021-10-13,15.0000,15.0000,14.6000,14.7250,6533000
2021-10-12,15.1000,15.1000,15.0000,15.0250,1896810
2021-10-11,15.2500,15.2750,15.0000,15.0250,3795600
2021-10-08,15.3000,15.3500,15.2250,15.2750,4627260
2021-10-07,15.2500,15.4000,15.1250,15.3250,6728160
2021-10-06,15.1000,15.4000,15.0250,15.2250,4986400
2021-10-05,15.3000,15.3000,15.0250,15.0500,7167440
2021-10-04,15.2000,15.5000,15.0000,15.1250,9083310
2021-10-01,15.3000,15.8000,14.9500,15.0500,30959270
2021-09-30,14.8000,15.3000,14.5000,14.9750,58651090
2021-09-29,13.9500,14.7500,13.9500,14.6500,42078480
2021-09-28,13.7750,13.9500,13.7750,13.9000,40010210
2021-09-27,13.5500,13.7500,13.4750,13.6000,70108790
2021-09-24,13.5000,13.5500,13.4000,13.5000,3300080
2021-09-23,13.4750,13.9750,13.4000,13.4250,5174200
2021-09-22,13.1000,13.4000,13.0250,13.1500,44112180
2021-09-21,13.0000,13.0500,12.9750,13.0500,1366440
2021-09-17,13.0500,13.1750,13.0000,13.0000,46527580
2021-09-16,13.0000,13.1000,12.9750,13.0000,1838410
2021-09-15,13.1000,13.1000,12.9750,13.0000,3243890
2021-09-14,12.9500,13.1000,12.9000,13.0250,731000
2021-09-13,13.1000,13.1000,12.9000,12.9000,4778470
2021-09-10,13.1000,13.1500,13.0000,13.1000,4066490
2021-09-09,13.0750,13.1250,12.9750,13.0500,1767020
2021-09-08,13.0500,13.1250,12.9000,13.0750,4289620
2021-09-07,13.0750,13.1250,13.0250,13.0500,3760260
2021-09-06,13.2000,13.2500,13.1000,13.1000,1655650
2021-09-03,13.3500,13.4000,13.1000,13.1250,2996620
2021-09-02,13.1750,13.4250,13.1500,13.3250,2985030
2021-09-01,13.0500,13.2000,13.0000,13.1000,5133180
2021-08-31,13.0500,13.1000,13.0000,13.0000,13006220
2021-08-30,13.1000,13.1500,13.0250,13.0500,20389190
2021-08-27,13.4000,13.4000,13.1250,13.1750,9870080
2021-08-26,13.4750,13.4750,13.2750,13.4000,8521500
2021-08-25,13.4000,13.4750,13.2500,13.4250,5326610
2021-08-24,13.2000,13.4750,13.0500,13.2000,12579340
2021-08-23,13.2500,13.3000,13.1500,13.2000,4219420
2021-08-20,13.2250,13.3000,13.2000,13.2500,7006130
2021-08-19,13.4000,13.4000,13.2000,13.2250,1303770
2021-08-18,13.2500,13.4000,13.2000,13.3000,2917710
2021-08-17,13.2500,13.4000,13.2000,13.3000,6657850
2021-08-16,13.4500,13.4500,13.2250,13.2250,1961650
2021-08-13,13.5000,13.5000,13.3500,13.4250,1166530
2021-08-12,13.7500,13.7500,13.4750,13.4750,5980000
2021-08-11,13.6250,13.8000,13.5750,13.7250,11211290
2021-08-10,13.6500,13.7750,13.6000,13.6500,326590
2021-08-09,13.8500,13.8500,13.5500,13.6000,2110170
2021-08-06,13.8000,13.8500,13.6000,13.7750,1586750
2021-08-05,14.0000,14.0000,13.8000,13.8500,1725980
2021-08-04,13.9250,14.1000,13.9250,14.0000,41650460
2021-08-03,13.6000,13.8500,13.5500,13.8000,19165270
2021-08-02,13.8000,13.8000,13.5000,13.5250,4189210
2021-07-30,13.8000,13.8500,13.7000,13.7750,3785900
2021-07-29,13.8750,13.9750,13.7750,13.8000,4339580
2021-07-28,13.7000,13.9000,13.6500,13.6750,6702790
2021-07-27,13.8000,13.8000,13.6000,13.7250,836420
2021-07-26,13.9000,14.0000,13.8250,13.8250,2823450
2021-07-22,14.0500,14.0500,13.9000,13.9250,1861820
2021-07-20,14.2000,14.2000,13.9500,14.0500,3938830
2021-07-19,13.9000,14.3000,13.9000,14.2000,44815530
2021-07-16,14.0000,14.0000,13.8500,13.9000,897270
2021-07-15,13.6750,14.1000,13.6750,14.0000,7417040
2021-07-14,13.5000,13.6750,13.5000,13.6500,1871390
2021-07-13,13.5000,13.5500,13.5000,13.5000,9991200
2021-07-12,13.6000,13.6000,13.4500,13.5000,4991810
2021-07-09,13.5000,13.7000,13.4500,13.6000,5531590
2021-07-08,13.2000,13.5000,13.2000,13.4750,2759530
2021-07-07,13.1000,13.2000,13.1000,13.1250,20633720
2021-07-06,13.5000,13.5000,13.0750,13.1000,26395310
2021-07-05,13.4750,13.5000,13.3750,13.4000,43952920
2021-07-02,13.5000,13.6000,13.4500,13.5000,1054420
2021-07-01,13.5500,13.5500,13.4500,13.4500,909620
2021-06-30,13.6000,13.6000,13.5000,13.5250,5990090
2021-06-29,13.8250,13.8250,13.5500,13.5500,1268310
2021-06-28,13.8000,14.0000,13.7750,13.8000,5677290
2021-06-25,13.5500,13.8500,13.5500,13.8250,6980730
2021-06-23,13.4250,13.7000,13.3500,13.5750,996170
2021-06-22,13.5250,13.5250,13.3000,13.3250,4931040
2021-06-21,13.6500,13.6500,13.5000,13.5250,2926710
2021-06-18,13.6750,13.6750,13.5250,13.5750,4042010
2021-06-17,13.7000,13.7000,13.6000,13.6000,1978460
2021-06-16,13.8000,13.8000,13.6000,13.6500,848080
2021-06-15,13.8000,13.8000,13.6000,13.6250,2728900
2021-06-14,13.7500,13.7500,13.6750,13.7250,1423470
2021-06-11,13.8000,13.8000,13.7000,13.7750,5547500
2021-06-10,13.8000,13.9000,13.7000,13.8000,5358930
2021-06-09,13.9000,13.9500,13.8000,13.8500,836860
2021-06-08,13.9500,13.9500,13.8500,13.9000,560100
2021-06-07,13.9500,14.0000,13.9000,13.9750,2434870
2021-06-04,13.8000,13.9500,13.7250,13.8000,8247210
2021-06-03,14.0000,14.0000,13.8000,13.8250,1084150
2021-06-02,14.0000,14.0000,13.9500,13.9750,7420140
2021-06-01,14.1000,14.1000,13.9500,13.9750,5287770
2021-05-31,14.0000,14.0500,13.8000,14.0000,25641520
2021-05-28,13.7000,13.9500,13.7000,13.7500,1843170
2021-05-25,13.8500,13.8500,13.5000,13.5250,13192310
2021-05-24,13.8000,13.8000,13.6500,13.7500,1569050
2021-05-21,13.9750,14.0000,13.5000,13.8000,2239550
2021-05-20,13.9500,14.0000,13.9250,13.9750,4650040
2021-05-19,14.0000,14.0000,13.9000,13.9750,2095530
2021-05-18,13.9500,14.0500,13.9250,14.0250,752370
2021-05-17,13.6500,14.0000,13.6250,13.9250,2008020
2021-05-13,13.6000,13.6500,13.5000,13.5750,1141470
2021-05-12,13.5500,13.8000,13.5500,13.6000,746140
2021-05-11,13.5750,13.5750,13.4500,13.4750,15419120
2021-05-10,13.6000,13.9500,13.5000,13.5250,5441710
2021-05-07,13.4000,13.6000,13.3750,13.5000,18846070
2021-05-06,13.5000,13.5000,13.3500,13.4000,6800670
2021-05-05,13.7750,13.7750,13.4500,13.5000,13978280
2021-05-04,14.0000,14.0000,13.7000,13.7750,2668120
2021-05-03,14.1000,14.1000,13.9000,13.9750,16163300
2021-04-30,14.1750,14.1750,14.0500,14.1000,17803030
2021-04-29,14.3500,14.3500,14.1500,14.1750,3227600
2021-04-28,14.3500,14.4000,14.3000,14.3500,1995260
2021-04-27,14.5000,14.5000,14.3000,14.3500,1318240
2021-04-23,14.5500,14.6000,14.5000,14.5500,703050
2021-04-22,14.6250,14.8000,14.6000,14.6250,4893280
2021-04-21,14.6500,14.8000,14.5250,14.6750,2017090
2021-04-20,14.9000,14.9000,14.6000,14.6500,3162870
2021-04-19,15.1000,15.1000,14.9000,14.9250,9045730
2021-04-16,15.0000,15.0000,14.9000,14.9750,6198570
2021-04-15,15.1250,15.1500,14.9000,14.9500,18136540
2021-04-12,15.0250,15.1500,15.0000,15.1000,32459150
2021-04-09,14.9000,15.1000,14.9000,15.0750,33624190
2021-04-08,14.8750,14.9750,14.8000,14.8500,11244560
2021-04-07,15.0000,15.0000,14.8750,14.9000,4692090
2021-04-06,15.0000,15.0000,14.9000,14.9750,2899610
2021-04-05,15.0000,15.0750,14.9500,15.0000,7718350
2021-04-01,14.9250,15.0750,14.9250,15.0000,10899760
2021-03-31,15.0000,15.0000,14.8250,14.8500,882820
2021-03-30,15.0000,15.0000,14.9250,15.0000,12111680
2021-03-29,15.0000,15.0000,14.8250,14.9500,9854650
2021-03-26,14.8250,15.0000,14.8250,14.9000,4511280
2021-03-25,15.1000,15.1000,14.8750,14.9250,4936220
2021-03-24,15.0250,15.0500,14.8000,15.0000,12340970
2021-03-23,15.3000,15.3000,14.9500,15.0000,28670170
2021-03-22,14.8500,15.0250,14.8000,15.0000,9261850
2021-03-19,14.8000,14.9000,14.7500,14.7750,2581190
2021-03-18,15.0000,15.0000,14.8000,14.8000,8808180
2021-03-17,15.3000,15.3000,14.9000,14.9000,6464320
2021-03-16,15.0000,15.0000,14.7500,14.8500,2836970
2021-03-15,14.9000,15.0000,14.7500,14.8000,4213210
2021-03-12,14.9000,15.1500,14.9000,14.9750,10917460
2021-03-10,14.8000,15.0000,14.8000,14.8500,521720
2021-03-09,15.2000,15.2000,14.9500,15.0000,8601000
2021-03-08,15.0000,15.2000,14.9250,15.0000,12639890
2021-03-05,14.9000,15.0500,14.6250,14.8750,9756630
2021-03-04,15.2000,15.2000,14.7750,14.8250,16624830
2021-03-03,15.5500,15.6000,15.0750,15.1750,2276520
2021-03-02,15.6000,15.8750,15.3500,15.4000,1669440
2021-03-01,15.5000,15.5000,15.2250,15.3500,42522810
2021-02-25,15.3000,15.5500,15.2000,15.2250,13446840
2021-02-24,15.2000,15.4000,15.1000,15.2000,5885110
2021-02-23,15.5500,15.5500,15.0500,15.1250,4469270
2021-02-22,15.9000,15.9000,15.5000,15.6000,934480
2021-02-19,16.0000,16.0500,15.8000,16.0000,10257920
2021-02-18,16.0000,16.0500,15.8000,16.0000,13828380
2021-02-17,15.7750,15.9000,15.3250,15.6250,1055670
2021-02-16,16.0000,16.0000,15.5000,15.6750,17818380
2021-02-15,15.8500,16.3000,15.3250,16.0000,47882750
2021-02-12,15.4000,15.5000,15.3000,15.4250,7159480
2021-02-11,15.4750,15.5000,14.8000,15.2000,23436900
2021-02-10,15.4000,15.7000,15.3250,15.4750,22752190
2021-02-09,15.5000,15.8750,15.2000,15.4000,20951920
2021-02-08,16.0000,16.0000,15.4000,15.4750,7371100
2021-02-05,15.9000,16.1000,15.5000,15.5250,21264090
2021-02-03,15.6000,16.6750,15.6000,15.9000,15808370
2021-02-02,16.8500,16.8500,15.4000,15.5750,24526840
2021-02-01,16.8500,17.1750,16.4000,16.8500,10977950
2021-01-29,17.4000,17.5000,16.5500,16.7000,16866070
2021-01-27,17.5000,17.5000,16.9750,17.1250,74147720
2021-01-26,18.1250,18.2000,17.0000,17.2750,28296730
2021-01-25,17.1000,18.7000,17.1000,18.1250,68732860
2021-01-22,16.5000,17.7000,16.5000,16.8250,42961210
2021-01-21,15.7000,16.2000,15.7000,16.2000,40495290
2021-01-20,16.0000,16.0000,15.4500,15.7000,79310310
2021-01-19,16.2000,16.3750,15.7500,16.0250,37623660
2021-01-18,16.2000,16.5500,16.1000,16.1250,11000940
2021-01-15,15.3750,16.2000,15.3750,16.0000,27056770
2021-01-13,15.0250,15.4500,15.0250,15.3500,3177480
2021-01-12,15.5000,15.5000,15.0000,15.0500,8439590
2021-01-11,14.9000,15.5000,14.9000,15.4750,3340800
2021-01-08,14.8750,15.0000,14.8250,14.9000,5583140
2021-01-07,14.9800,14.9800,14.8100,14.8500,18002440
2021-01-06,15.0000,15.0100,14.9800,14.9800,4528310
2021-01-05,14.9900,15.1000,14.9800,15.0000,13431230
2021-01-04,15.1000,15.1000,14.9500,14.9600,12085420
2020-12-31,15.0100,15.2000,14.9300,14.9600,12320630
2020-12-30,14.9500,15.4000,14.9500,14.9900,50588750
2020-12-28,14.8000,14.9500,14.7700,14.8700,1096550
2020-12-24,14.8000,14.9000,14.6000,14.8400,2346450
2020-12-23,14.7000,14.9000,14.4000,14.6100,20279070
2020-12-22,14.8000,14.9000,14.7000,14.7000,12408650
2020-12-21,15.0000,15.1300,14.8000,14.8500,16990700
2020-12-18,15.0000,15.1000,14.9900,15.0000,3026400
2020-12-17,15.0000,15.0500,14.9600,15.0000,2095470
2020-12-16,15.1400,15.1400,14.9100,15.0000,34019470
2020-12-15,15.3000,15.3400,15.1100,15.1400,4463770
2020-12-14,15.2900,15.3900,15.2500,15.3400,13799070
2020-12-11,15.3000,15.3000,15.1800,15.2000,11443960
2020-12-10,15.2600,15.3000,15.2000,15.3000,6739620
2020-12-09,15.2000,15.2900,15.2000,15.2200,15740790
2020-12-08,15.1800,15.2000,15.1000,15.2000,31866750
2020-12-07,15.0900,15.1500,15.0200,15.1200,19080150
2020-12-04,14.9700,15.0500,14.9300,15.0000,17327560
2020-12-03,14.9300,15.1000,14.9000,14.9700,9449790
2020-12-02,14.9500,14.9700,14.9000,14.9000,11176400
2020-12-01,14.8400,14.9300,14.8000,14.8900,8978150
2020-11-30,14.7900,14.8800,14.7100,14.8200,8832750
2020-11-27,14.7400,14.8500,14.7200,14.8000,6916000
2020-11-26,14.8000,14.8000,14.7000,14.7400,1751930
2020-11-25,14.5400,14.8500,14.5400,14.7400,9385820
2020-11-24,14.2400,14.6500,14.2400,14.5000,23229560
2020-11-23,14.2000,14.3000,14.1400,14.2000,1560820
2020-11-20,14.1000,14.2100,14.0000,14.1300,11411490
2020-11-19,14.1000,14.1900,14.0800,14.1000,3338140
2020-11-18,14.1200,14.1700,14.0000,14.1400,6477510
2020-11-17,14.0000,14.1500,14.0000,14.1100,1296180
2020-11-16,14.1000,14.1000,13.9500,14.0900,1366570
2020-11-13,14.0300,14.1900,13.9200,14.1200,2536950
2020-11-12,14.2100,14.2900,13.9800,14.1000,4153070
2020-11-11,13.8500,14.1800,13.8200,14.0900,12586860
2020-11-10,13.7400,14.0000,13.7400,13.8200,17293280
2020-11-09,13.6200,13.7400,13.6200,13.6900,5300000
2020-11-06,13.5500,13.7000,13.5500,13.6100,5352050
2020-11-05,13.5400,13.7000,13.5400,13.6000,1472770
2020-11-04,13.4000,13.5900,13.4000,13.5400,9691850
2020-11-03,13.1000,13.4100,13.1000,13.3200,17300940
2020-11-02,12.9900,13.1100,12.9000,13.0700,1565520
2020-10-29,13.0500,13.1900,12.9100,13.0900,17253170
2020-10-28,13.0000,13.2200,13.0000,13.0500,2139040
2020-10-27,12.8500,13.1300,12.8500,13.0100,485900
2020-10-26,12.9000,13.0000,12.8000,12.9000,2573260
2020-10-23,13.1700,13.5000,13.1500,13.2000,466840
2020-10-22,13.0000,13.2100,12.7000,13.1500,10941130
2020-10-21,13.5500,13.6500,13.1400,13.2600,19968340
2020-10-20,13.5000,13.6600,13.5000,13.6000,15226670
2020-10-19,13.3000,13.5900,13.3000,13.5200,9941660
2020-10-16,13.3500,13.3900,13.2000,13.2800,6605130
2020-10-15,13.2900,13.4500,13.2000,13.4000,1896360
2020-10-14,12.9000,13.3100,12.8500,13.1900,54067920
2020-10-13,13.2000,13.2000,12.8000,12.9600,1773370
2020-10-12,13.1100,13.2000,13.0900,13.1000,740430
2020-10-09,13.2000,13.3000,13.1100,13.2200,3909100
2020-10-08,13.0000,13.2000,12.9600,13.1000,73069320
2020-10-07,12.9000,13.0200,12.8000,13.0000,14524680
2020-10-06,12.5000,13.0500,12.5000,12.9900,14924650
2020-10-05,12.9900,13.2000,12.4000,13.0600,31012340
2020-10-02,13.4100,13.4500,13.2800,13.4000,21436030
2020-09-30,13.5400,13.6000,13.4100,13.4600,4185520
2020-09-29,13.7200,13.7200,13.5200,13.5900,4107160
2020-09-28,13.6900,13.7900,13.6900,13.7400,4116140
2020-09-25,13.6100,13.6800,13.5700,13.5900,19638600
2020-09-24,13.8000,13.8000,13.5900,13.6100,4115120
2020-09-23,13.7000,13.8000,13.6000,13.7600,3376460
2020-09-22,13.7500,13.8000,13.6000,13.6400,9470290
2020-09-21,13.7900,13.7900,13.6000,13.7100,2372850
2020-09-18,13.7400,13.8000,13.7000,13.7900,18846000
2020-09-17,13.6100,13.7300,13.6000,13.7000,3676600
2020-09-16,13.7400,13.7400,13.6000,13.6000,15277890
2020-09-15,13.6000,13.7200,13.5000,13.6800,64557490
2020-09-14,13.6000,13.7500,13.5000,13.5800,4614910
2020-09-11,13.6000,13.6700,13.5300,13.5900,10788300
2020-09-10,13.5500,13.6400,13.5100,13.5900,44086200
2020-09-09,13.3500,13.5200,13.3500,13.5000,13042490
2020-09-08,13.2500,13.3800,13.2300,13.3000,31335280
2020-09-07,13.2000,13.3500,13.2000,13.3000,1378750
2020-09-04,13.4100,13.4100,13.2000,13.2900,3024540
2020-09-03,13.4500,13.4500,13.3400,13.4100,1026370
2020-09-02,13.6000,13.6300,13.4500,13.5000,43843150
2020-08-31,13.4100,13.6500,13.1000,13.5600,12524950
2020-08-28,13.3000,13.4700,13.3000,13.4000,4380830
2020-08-27,13.3500,13.3500,13.2600,13.3100,25403860
2020-08-26,13.3000,13.4500,13.2500,13.3500,9922780
2020-08-25,13.4500,13.4800,13.1000,13.3000,28499750
2020-08-24,13.4500,13.6100,13.4400,13.4500,26873330
2020-08-21,13.3400,13.5000,13.2500,13.4900,44946800
2020-08-20,13.4400,13.4900,13.0500,13.3300,10225260
2020-08-19,13.0000,13.4500,13.0000,13.4100,50241160
2020-08-18,12.8500,13.1000,12.8500,12.9600,22984440
2020-08-17,12.5000,12.8100,12.5000,12.7500,26592440
2020-08-14,12.0000,12.5000,11.9500,12.4500,50117520
2020-08-13,12.0000,12.1900,11.9200,11.9500,43856690
2020-08-12,11.7000,12.0500,11.6000,11.9200,30838210
2020-08-11,11.4900,11.7000,11.4900,11.6000,56176120
2020-08-10,11.5000,11.5500,11.3500,11.4900,1597590
2020-08-07,11.5000,11.7000,11.4200,11.4900,23604660
2020-08-06,11.2500,11.4300,11.2500,11.3900,2670390
2020-08-05,11.4000,11.4000,11.1900,11.2000,9742850
2020-08-04,11.1500,11.4600,11.1500,11.3200,24616770
2020-07-31,11.1000,11.2500,11.0000,11.0800,14188970
2020-07-30,11.0000,11.0800,10.8500,11.0000,15560690
2020-07-29,11.1500,11.1900,11.0700,11.1400,3634220
2020-07-28,11.2000,11.2000,11.1800,11.1900,3176550
2020-07-27,11.2000,11.2700,11.1500,11.2000,2653030
2020-07-24,11.2100,11.2100,11.1700,11.2000,4006460
2020-07-23,11.2000,11.2500,11.0700,11.1500,2673140
2020-07-22,11.3500,11.3500,11.1000,11.1300,14269280
2020-07-21,11.5000,11.5000,11.2500,11.3000,10789190
2020-07-20,11.2000,11.4800,11.2000,11.3500,11995160
2020-07-17,11.1000,11.1900,11.1000,11.1400,3257830
2020-07-16,10.8000,11.0900,10.8000,10.9900,994740
2020-07-15,10.8000,10.9000,10.5500,10.7500,6222270
2020-07-14,10.7500,11.2000,10.7300,10.8500,35989760
2020-07-13,10.8000,11.1000,10.4000,10.8100,13094430
2020-07-10,11.3400,11.3400,11.0300,11.0500,57116380
2020-07-09,11.4000,11.5200,11.3500,11.4000,7381360
2020-07-08,11.4500,11.4500,11.2700,11.3000,29155350
2020-07-07,11.3000,11.6000,11.3000,11.4900,35557630
2020-07-06,11.5500,11.5500,11.1700,11.2800,44965370
2020-07-03,11.9000,11.9000,11.5300,11.5600,21133790
2020-07-02,12.1000,12.1000,11.7400,11.9400,44259020
2020-07-01,12.3000,12.3000,12.0900,12.1400,14963400
2020-06-30,12.5000,12.5000,12.2400,12.2500,43791080
2020-06-29,12.9500,12.9500,12.4900,12.5000,12052470
2020-06-26,12.9900,12.9900,12.5100,12.8200,3983670
2020-06-25,13.2000,13.2000,12.9500,13.0000,4791440
2020-06-24,12.3000,12.9400,12.3000,12.8400,12059180
2020-06-23,11.9500,12.0600,11.9300,12.0000,6607100
2020-06-22,11.9000,12.0000,11.8000,11.9300,2206240
2020-06-19,11.9000,11.9000,11.5900,11.7000,5731570
2020-06-18,11.9800,12.0500,11.8700,11.9000,2018280
2020-06-17,11.9500,12.0500,11.8600,11.9000,10936660
2020-06-16,11.5000,11.8000,11.5000,11.7600,7665610
2020-06-15,11.5000,11.6400,11.3400,11.3600,4208150
2020-06-12,11.6000,11.6400,11.1700,11.4900,2854890
2020-06-11,11.6500,11.7500,11.5900,11.6400,2070990
2020-06-10,11.8000,11.8000,11.5200,11.6600,7141410
2020-06-09,11.5000,11.8400,11.5000,11.8000,4358970
2020-06-08,11.0000,11.5300,11.0000,11.4700,9558810
2020-06-04,11.0000,11.0000,10.9700,11.0000,15531370
2020-06-03,11.0000,11.1000,11.0000,11.0000,50957700
2020-06-02,11.2000,11.2000,10.9700,11.0000,17326910
2020-06-01,11.0000,11.0000,10.6100,10.7200,25475040
2020-05-29,11.7000,11.7500,11.0000,11.0100,58945760
2020-05-28,11.1000,11.6400,11.1000,11.5800,29129210
2020-05-27,10.7000,11.1000,10.5000,11.0100,74451060
2020-05-26,10.7000,10.8500,10.4400,10.6900,39556110
2020-05-22,10.5000,10.9500,10.3100,10.4400,38649500
2020-05-21,9.6500,10.4900,9.6500,10.3000,19635380
2020-05-20,9.5000,9.6900,9.4000,9.5100,10495310
2020-05-19,9.0500,9.9000,9.0500,9.3400,12997500
2020-05-18,8.2800,8.8900,8.2800,8.8100,39196520
2020-05-15,8.5000,8.5000,7.9900,8.0500,101069700
2020-05-14,9.0000,9.0000,8.5000,8.5400,9769520
2020-05-13,9.4000,9.7000,8.9700,9.0400,19374580
2020-05-12,10.0000,10.0000,9.1000,9.4100,5824340
2020-03-20,12.3000,12.3000,11.3900,11.5400,6183260
2020-03-13,13.0000,13.0000,12.3700,12.5700,22511720
2020-03-12,13.6000,13.6000,12.9700,13.1300,5049730
2020-03-11,13.4000,13.8000,13.3000,13.6000,1976490
2020-03-10,13.8100,13.8100,13.0000,13.3000,17671260
2020-03-06,14.4900,14.4900,14.0000,14.0100,25063610
2020-03-05,15.0000,15.0000,14.4500,14.4800,5357250
2020-03-04,14.9100,15.0000,14.7000,14.7500,2502930
2020-03-03,14.8500,15.0000,14.8000,15.0000,3250740
2020-03-02,14.5100,14.8500,14.5100,14.8200,79000
2020-02-28,14.9900,14.9900,14.5000,14.6000,3296030
2020-02-27,14.9000,14.9800,14.8000,14.9000,2128960
2020-02-26,15.2000,15.2000,14.8600,14.9000,1658350
2020-02-25,15.2300,15.2300,14.8600,14.9900,6970360
2020-02-24,15.7500,15.7500,15.2000,15.2600,2782830
2020-02-20,15.6300,15.6300,15.5400,15.5500,1866440
2020-02-19,15.7500,15.7500,15.6000,15.6200,25400
2020-02-18,15.5000,15.7500,15.4700,15.5300,1460280
2020-02-17,15.7000,15.7000,15.4100,15.4800,2057970
2020-02-14,15.6000,15.6000,15.4800,15.5000,9467920
2020-02-13,15.6900,15.7000,15.5900,15.6000,7598710
2020-02-12,15.7800,15.8000,15.6900,15.6900,3879390
2020-02-11,16.0000,16.0000,15.7500,15.7600,2493270
2020-02-10,16.0000,16.1000,15.9900,16.0000,841000
2020-02-07,16.0100,16.1500,16.0100,16.1500,3848630
2020-02-06,16.1000,16.1000,16.0100,16.0600,5462660
2020-02-05,16.1700,16.2000,16.0100,16.1000,1095400
2020-02-03,16.2100,16.2100,16.1500,16.1900,2821850
2020-01-31,16.3900,16.3900,16.2000,16.2100,4199230
2020-01-30,16.2000,16.3000,16.1500,16.2100,1191160
2020-01-29,16.3500,16.3500,16.1000,16.1000,6703130
2020-01-28,16.3500,16.3500,16.0500,16.0500,3292450
2020-01-27,16.7000,16.7000,16.3500,16.3900,222730
2020-01-24,16.6000,16.7400,16.6000,16.7000,1602010
2020-01-23,16.7000,16.7800,16.7000,16.7000,745520
2020-01-22,16.5000,16.8800,16.5000,16.7300,6666690
2020-01-21,16.3000,16.6000,16.3000,16.5900,935480
2020-01-20,16.3000,16.3900,16.3000,16.3100,3042270
2020-01-17,16.5500,16.5500,16.3000,16.3100,3640600
2020-01-16,16.8000,16.8000,16.3800,16.4000,276120
2020-01-14,16.4900,16.8000,16.4500,16.6000,2762590
2020-01-13,16.4000,16.5900,16.2500,16.3500,29788240
2020-01-09,16.2000,16.6000,16.1000,16.2800,14441720
2020-01-08,16.2500,16.4000,16.1000,16.1100,1613690
2020-01-07,16.5000,16.5000,16.2100,16.2900,4336700
2020-01-06,16.7000,16.7000,16.1500,16.2100,1005810
2020-01-03,16.3200,16.5000,16.3200,16.4100,198460
2020-01-02,16.7000,16.7000,16.3500,16.3900,853460
2019-12-31,16.6500,16.8800,16.6500,16.7600,1556790
2019-12-30,16.5000,16.7000,16.4000,16.6500,6840120
2019-12-27,16.5500,16.6400,16.5000,16.5000,1651240
2019-12-26,16.4500,16.6000,16.4500,16.5000,195150
2019-12-24,16.4500,16.5000,16.4000,16.5000,152160
2019-12-23,16.4000,16.5700,16.4000,16.4600,11353850
2019-12-20,16.4700,16.5000,16.4100,16.4500,20315100
2019-12-19,16.5000,16.5000,16.4000,16.4700,15141420
2019-12-18,16.3000,16.5000,16.0500,16.4300,259490
2019-12-17,16.2300,16.3000,16.2100,16.2500,3257230
2019-12-16,16.2300,16.3000,16.2100,16.2300,1716900
2019-12-13,16.3500,16.4500,16.2000,16.2300,26600
2019-12-12,16.1000,16.2500,16.0100,16.0500,932550
2019-12-10,16.4000,16.4000,16.0000,16.0400,24789110
2019-12-09,16.8000,16.8000,16.4000,16.4700,1332300
2019-12-06,16.9500,16.9500,16.8000,16.8800,3379710
2019-12-05,16.8000,16.9500,16.8000,16.9000,14965270
2019-12-04,17.0000,17.0000,16.9000,16.9000,1737200
2019-12-03,16.9200,17.0400,16.9000,17.0100,7881160
2019-12-02,16.9000,17.0000,16.8500,16.9000,775970
2019-11-29,16.6500,17.2000,16.6500,16.9000,11988900
2019-11-28,16.5000,16.8500,16.5000,16.7400,10947810
2019-11-27,16.3000,16.4000,16.2000,16.3500,537090
2019-11-26,16.0500,16.4000,16.0000,16.1700,3050940
2019-11-25,16.1700,16.1700,16.0000,16.1000,2413170
2019-11-22,16.3000,16.3000,16.0100,16.0500,1124630
2019-11-21,16.0000,16.1000,15.9800,16.0000,13496720
2019-11-20,16.4100,16.4100,16.0000,16.0000,37873770
2019-11-19,16.4000,16.4500,16.3500,16.4100,2564970
2019-11-18,16.2000,16.6000,16.2000,16.4000,11109280
2019-11-15,15.5000,15.8800,15.4700,15.8200,1775410
2019-11-14,15.6900,15.6900,15.4100,15.4900,1544010
2019-11-13,15.4200,15.7000,15.4000,15.4500,87207520
2019-11-08,15.4000,15.5000,15.3300,15.4000,3784640
2019-11-07,15.4500,15.4500,15.3500,15.3500,1983640
2019-11-06,15.4000,15.5000,15.3000,15.4100,18242670
2019-11-05,15.8000,15.8000,15.4000,15.4000,10099030
2019-11-04,15.8000,15.8000,15.5000,15.5000,13828150
2019-11-01,15.6600,15.7000,15.6600,15.7000,25852760
2019-10-31,15.8000,15.8000,15.6500,15.7000,23917410
2019-10-30,15.6600,15.8000,15.6600,15.7500,683300
2019-10-29,15.7000,15.8000,15.6100,15.6500,544350
2019-10-28,15.7100,15.7100,15.6100,15.7000,7913340
2019-10-25,15.8500,15.8500,15.7000,15.7000,517910
2019-10-24,15.8500,15.9000,15.8000,15.8500,2734960
2019-10-23,15.9300,15.9300,15.8000,15.8100,35870
2019-10-22,15.9500,16.0000,15.9000,15.9400,10012990
2019-10-21,15.9400,15.9900,15.9000,15.9600,24851520
2019-10-18,15.8700,15.9100,15.7500,15.9000,6760260
2019-10-17,15.8000,15.8100,15.7500,15.8000,1963310
2019-10-16,15.7000,15.8500,15.7000,15.8200,862410
2019-10-15,15.7100,15.7800,15.6000,15.7000,355210
2019-10-14,15.7000,15.7400,15.6000,15.7000,1549800
2019-10-11,15.7000,15.7000,15.6000,15.6000,283690
2019-10-10,15.7000,15.7900,15.5000,15.6000,5628860
2019-10-09,15.4000,15.6900,15.4000,15.6700,3549920
2019-10-08,15.2000,15.4000,15.2000,15.3900,5159120
2019-10-07,15.2500,15.3000,15.1600,15.2000,1446580
2019-10-04,15.1500,15.2000,15.1500,15.2000,30169760
2019-10-03,15.4000,15.4000,15.1000,15.1500,3459200
2019-10-02,15.6000,15.6000,15.2100,15.3000,1660940
2019-10-01,15.4000,15.4200,15.4000,15.4000,23940
2019-09-30,15.5000,15.7000,15.3000,15.3800,14773410
2019-09-27,15.5000,15.5600,15.5000,15.5400,3933080
2019-09-26,15.3000,15.5000,15.3000,15.4900,1723200
2019-09-25,15.0600,15.4000,15.0600,15.2000,20120
2019-09-24,15.1000,15.3500,15.0600,15.2900,4471170
2019-09-23,15.0200,15.2500,15.0200,15.1800,19953890
2019-09-20,15.1000,15.1000,15.0000,15.0100,1711370
2019-09-19,15.2000,15.3500,15.1000,15.1400,1408110
2019-09-18,15.1000,15.1000,15.0100,15.1000,23091690
2019-09-17,15.3000,15.3000,15.1000,15.1000,790430
2019-09-16,15.5000,15.5000,15.2000,15.2000,22994430
2019-09-12,15.5000,15.5500,15.5000,15.5000,14560940
2019-09-11,15.3500,15.5000,15.3100,15.4500,2639630
2019-09-10,15.2000,15.5000,15.2000,15.4000,573650
2019-09-09,15.0500,15.4000,15.0500,15.3600,302500
2019-09-06,15.2000,15.2000,15.0500,15.1100,621110
2019-09-05,15.1700,15.2000,15.1500,15.1600,71740
2019-09-04,15.2000,15.2000,15.1500,15.1700,4004270
2019-09-03,15.1500,15.3900,15.1100,15.2200,637650
2019-09-02,15.5000,15.5000,15.1100,15.1900,871610
2019-08-30,15.6000,15.6000,15.3000,15.3200,2657000
2019-08-29,15.8500,15.8500,15.5700,15.6000,9187100
2019-08-28,15.6100,15.8800,15.6100,15.8000,7701580
2019-08-27,15.3100,15.6100,15.3100,15.6000,10070390
2019-08-26,15.1900,15.4000,15.1600,15.3400,1016890
2019-08-23,15.3000,15.3300,15.2000,15.3100,424850
2019-08-22,15.3000,15.3000,15.1000,15.1600,8142790
2019-08-21,15.2000,15.4200,15.2000,15.3000,14013480
2019-08-20,15.0000,15.2800,15.0000,15.2100,1521700
2019-08-19,15.0100,15.0100,14.9000,15.0000,2869270
2019-08-16,14.8100,15.0300,14.8100,15.0200,602720
2019-08-15,15.0000,15.0000,14.8000,14.8000,40054910
2019-08-13,15.1000,15.3000,15.0000,15.0300,124120700
2019-08-09,14.9000,15.0500,14.9000,15.0000,6945470
2019-08-08,14.7500,15.0000,14.7500,14.8000,3146090
2019-08-07,14.5500,14.7000,14.5500,14.6100,2756290
2019-08-06,14.6500,14.7000,14.5500,14.5900,3831730
2019-08-05,14.9000,14.9000,14.7000,14.7000,10774990
2019-08-02,14.9100,15.0000,14.6500,14.7000,20288710
2019-08-01,15.0600,15.1000,14.9000,15.0000,223880
2019-07-31,15.1000,15.2100,15.0500,15.1000,6864450
2019-07-30,15.1100,15.4000,15.0000,15.0700,68628070
2019-07-29,14.9900,15.1900,14.8000,15.1000,635770
2019-07-26,15.0000,15.0000,14.8500,14.9000,8838380
2019-07-25,15.2900,15.4900,15.0100,15.1000,919520
2019-07-24,15.1000,15.2000,14.9000,15.1800,2369950
2019-07-23,14.7400,15.1000,14.7400,15.0000,1127120
2019-07-22,15.1000,15.1000,14.7000,14.7300,674910
2019-07-19,15.0000,15.3000,15.0000,15.0000,6268950
2019-07-18,14.8000,15.2400,14.8000,15.1000,1391580
2019-07-17,14.5000,14.8300,14.5000,14.8100,3875690
2019-07-15,14.5000,14.7000,14.5000,14.5600,2485060
2019-07-12,14.4000,14.5900,14.3500,14.5100,2445430
2019-07-11,14.3000,14.5200,14.1000,14.5000,3111150
2019-07-10,14.0000,14.4000,13.9000,14.0200,19867980
2019-07-09,14.3000,14.3000,13.9900,14.0000,1730730
2019-07-08,14.6900,14.6900,14.2800,14.3000,2012120
2019-07-05,14.5900,14.8500,14.5000,14.5600,14888290
2019-07-04,14.3900,14.6000,14.3900,14.5100,17204830
2019-07-03,14.1300,14.4000,14.1300,14.3300,630050
2019-07-02,14.1000,14.1900,14.0000,14.1500,126780
2019-07-01,14.0000,14.1000,13.9900,14.1000,254140
2019-06-28,13.8000,13.9800,13.8000,13.8700,1283670
2019-06-27,14.0000,14.0000,13.8000,13.8000,5226950
2019-06-26,14.0000,14.0000,13.8300,13.9000,2990
2019-06-25,14.0000,14.0000,13.8100,13.8600,270910
2019-06-24,14.0000,14.0000,13.9600,13.9800,369010
2019-06-21,13.7900,14.0400,13.7900,13.8700,48540
2019-06-20,14.0500,14.1000,13.7500,13.7700,1490810
2019-06-19,14.1000,14.1500,14.0500,14.1000,14588770
2019-06-18,13.8300,14.1000,13.8300,14.0300,1754510
2019-06-17,13.9000,13.9900,13.8700,13.9000,322200
2019-06-14,13.9900,14.0000,13.8000,13.8300,51700
2019-06-13,14.0000,14.0000,13.9000,13.9400,242100
2019-06-12,14.1000,14.1000,13.9800,14.0000,405340
2019-06-11,14.0200,14.1000,14.0000,14.0100,595420
2019-06-10,13.8100,14.1000,13.8100,14.1000,140630
2019-06-07,13.8000,14.0000,13.8000,13.8600,198520
2019-06-06,13.7000,13.7000,13.6200,13.6200,732360
2019-06-04,13.6000,13.6500,13.5800,13.6100,490790
2019-06-03,13.7500,13.7500,13.5600,13.6000,7411050
2019-05-31,13.8000,13.8900,13.7200,13.7300,1079390
2019-05-30,13.9000,13.9600,13.7900,13.8000,2986060
2019-05-29,13.9000,13.9500,13.8000,13.8900,3074250
2019-05-28,13.7200,13.9000,13.6900,13.8500,22493380
2019-05-27,13.7900,13.8100,13.7000,13.7500,26999200
2019-05-24,13.9700,13.9700,13.8000,13.8000,13030610
2019-05-23,13.9900,13.9900,13.8400,13.8500,149890
2019-05-22,14.0000,14.0000,13.9000,13.9000,970830
2019-05-21,13.7500,14.0000,13.7500,13.8200,685430
2019-05-17,13.7500,13.7500,13.6000,13.6000,58758470
2019-05-16,13.5200,13.7500,13.5200,13.6000,31548920
2019-05-15,13.5000,13.5500,13.4900,13.5500,17333280
2019-05-14,13.6000,13.6000,13.4800,13.5000,20525930
2019-05-13,13.7400,14.0000,13.6000,13.6000,3566550
2019-05-10,13.7900,13.7900,13.6900,13.7100,2484360
2019-05-09,13.7800,13.8000,13.6500,13.7000,853920
2019-05-08,14.0000,14.0000,13.7600,13.8000,6179530
2019-05-07,14.0000,14.0000,13.8200,13.8400,1789580
2019-05-06,14.5000,14.5000,13.9500,13.9500,12935500
2019-05-03,14.7900,14.7900,14.5000,14.5000,246640
2019-05-02,14.9800,14.9800,14.6000,14.7000,1808870
2019-04-30,14.6700,15.0000,14.6700,14.9700,2074170
2019-04-29,14.4000,14.6500,14.4000,14.6500,2862430
2019-04-26,14.3900,14.3900,14.3000,14.3500,65940
2019-04-25,14.0000,14.4000,13.9900,14.0000,21756050
2019-04-24,14.0000,14.4000,13.9900,14.0000,125176000
2019-04-23,15.0000,15.0000,14.0000,14.0300,7788720
2019-04-18,15.2500,15.2500,15.1500,15.2000,1068200
2019-04-17,15.3000,15.3000,15.2500,15.2500,2416570
2019-04-16,15.1000,15.4000,15.1000,15.3000,2118440
2019-04-12,15.1500,15.3000,15.1000,15.3000,267610
2019-04-11,15.3000,15.3000,15.1500,15.1500,8227440
2019-04-10,15.4000,15.4000,15.1500,15.1900,4516890
2019-04-09,15.1000,15.3000,15.1000,15.2500,8110
2019-04-08,15.4000,15.4000,15.1000,15.1000,6354920
2019-04-05,15.3000,15.4900,15.3000,15.4000,1195350
2019-04-04,15.4500,15.5000,15.4000,15.5000,22074590
2019-04-03,15.5000,15.5000,15.2500,15.4500,8053040
2019-04-02,15.4000,15.5000,15.4000,15.5000,2407940
2019-04-01,15.6000,15.6000,15.4700,15.5000,23516030
2019-03-29,15.6000,15.6900,15.6000,15.6000,5775000
2019-03-28,15.4000,15.7000,15.4000,15.6000,11267950
2019-03-27,15.0500,15.3000,15.0000,15.0800,1230020
2019-03-26,15.0000,15.0400,14.8300,15.0000,4703840
2019-03-25,15.0500,15.0500,15.0000,15.0000,4929840
2019-03-22,15.1900,15.1900,15.0200,15.0500,4969290
2019-03-21,15.1900,15.1900,15.0500,15.0500,144900
2019-03-19,15.2000,15.2000,15.0100,15.1500,3260310
2019-03-18,15.0500,15.1900,15.0500,15.0500,1443240
2019-03-15,15.0500,15.2000,15.0500,15.1000,17110000
2019-03-14,15.2000,15.3000,15.0000,15.2000,8387010
2019-03-13,15.3500,15.4000,15.0000,15.0100,784620
2019-03-12,15.5000,15.5000,15.2000,15.4000,2327800
2019-03-11,15.7000,15.7000,15.5000,15.5000,3111450
2019-03-08,15.6100,15.6100,15.5100,15.5100,2492190
2019-03-07,15.6000,15.6500,15.6000,15.6500,27477330
2019-03-06,15.6000,15.6900,15.5000,15.6500,20047650
2019-03-05,15.6000,15.8000,15.6000,15.7000,45281530
2019-03-01,15.6800,15.9000,15.5000,15.5000,1619720
2019-02-28,15.8000,15.9500,15.8000,15.9500,58502080
2019-02-27,15.5000,15.8000,15.5000,15.8000,1460630
2019-02-26,15.4000,15.5900,15.3000,15.5100,1152050
2019-02-25,15.5000,15.6000,15.3000,15.4800,6383980
2019-02-22,15.3500,15.6000,15.3000,15.4500,1882370
2019-02-21,15.4500,15.4500,15.3000,15.3000,95130
2019-02-20,15.3000,15.4800,15.3000,15.4000,3973740
2019-02-18,15.4000,15.4000,15.3000,15.3000,373580
2019-02-15,15.4000,15.4000,15.2700,15.3100,51552330
2019-02-14,15.4500,15.4500,15.3500,15.3500,112360
2019-02-13,15.4500,15.4500,15.4000,15.4000,3204760
2019-02-12,15.7700,15.7700,15.4000,15.4700,10165550
2019-02-11,15.6000,15.7900,15.6000,15.7700,83636640
2019-02-08,15.6000,15.8000,15.6000,15.6000,5034870
2019-02-07,15.8000,15.8000,15.6000,15.6000,44473680
2019-02-06,15.6000,15.8000,15.6000,15.6900,77130
2019-02-05,15.6000,15.6100,15.5500,15.6000,16283030
2019-02-01,15.8000,15.8000,15.6000,15.6000,12640470
2019-01-31,15.8000,15.8000,15.5000,15.7900,2189130
2019-01-30,15.7500,15.8300,15.7500,15.8300,9250890
2019-01-29,15.7000,15.9600,15.7000,15.9300,910720
2019-01-28,15.7000,15.7500,15.5000,15.7000,1237470
2019-01-25,15.4000,15.7000,15.3900,15.4500,17571210
2019-01-24,15.3000,15.4000,15.2000,15.3100,3334390
2019-01-23,15.4000,15.4000,15.2000,15.3000,77930
2019-01-22,15.4400,15.4500,15.2000,15.2000,672360
2019-01-21,15.5000,15.5000,15.4000,15.4500,30026520
2019-01-18,15.5000,15.5000,15.4000,15.4500,31688850
2019-01-17,15.4000,15.5000,15.2000,15.4500,2800550
2019-01-16,15.2500,15.4000,15.2100,15.2100,50367350
2019-01-14,15.3000,15.5000,15.2300,15.3000,28553290
2019-01-11,15.2400,15.5000,15.2400,15.3000,11492010
2019-01-10,15.3000,15.4000,15.2000,15.3000,13992410
2019-01-09,15.4500,15.5000,15.3000,15.3100,560610
2019-01-08,15.5000,15.5000,15.2500,15.4000,32054630
2019-01-07,15.7000,15.7000,15.5000,15.5000,12823890
2019-01-04,15.7000,15.7900,15.5100,15.7500,13330
2019-01-03,15.8000,15.8000,15.7000,15.7000,10165470
2019-01-02,15.9000,15.9000,15.8000,15.8000,22220
2018-12-31,15.5100,16.0000,15.5000,15.9700,2053090
2018-12-28,15.5000,15.6600,15.5000,15.6000,8746770
2018-12-27,15.6000,15.6000,15.5000,15.5000,956060
2018-12-26,15.6900,15.6900,15.0200,15.5900,130680
2018-12-24,15.8000,15.8000,15.6800,15.6800,61630
2018-12-21,15.9900,16.0000,15.7000,15.7000,9301240
2018-12-20,16.0900,16.0900,15.9900,16.0000,161435100
2018-12-19,16.0000,16.0900,16.0000,16.0800,23268360
2018-12-18,16.0500,16.1000,16.0000,16.0000,43998150
2018-12-17,16.0500,16.1000,16.0100,16.0900,4081300
2018-12-14,16.0000,16.0600,16.0000,16.0500,3287310
2018-12-13,16.0000,16.1000,16.0000,16.0100,850460
2018-12-12,16.0000,16.0000,15.8000,16.0000,16982390
2018-12-11,15.9400,16.0000,15.9000,16.0000,7833100
2018-12-10,16.0000,16.1500,16.0000,16.0000,20325850
2018-12-07,16.1700,16.1900,16.1000,16.1000,14648730
2018-12-06,15.9500,16.1200,15.9500,16.1100,13065660
2018-12-05,16.0000,16.0500,16.0000,16.0000,22687730
2018-12-04,16.1000,16.1000,16.0000,16.0200,25528320
2018-12-03,16.0000,16.1500,16.0000,16.0800,8686320
2018-11-30,15.9200,16.1000,15.9100,16.0500,51452260
2018-11-29,15.7000,15.9200,15.7000,15.9100,21796210
2018-11-28,15.8100,15.9000,15.8000,15.8000,4251380
2018-11-27,15.6000,15.9200,15.5100,15.8200,7959130
2018-11-26,15.4000,15.7000,15.4000,15.6000,10682230
2018-11-23,15.4000,15.5000,15.4000,15.4100,14257580
2018-11-21,15.3200,15.4100,15.3000,15.4000,9796200
2018-11-19,15.2500,15.5000,15.2500,15.3100,3760950
2018-11-16,15.2600,15.3000,15.2000,15.2900,5198830
2018-11-15,15.1500,15.2500,15.1500,15.2300,1584980
2018-11-14,15.0500,15.2500,14.8000,15.2200,1928950
2018-11-13,15.0700,15.3000,15.0700,15.2300,2252770
2018-11-12,15.1000,15.2000,14.9900,15.1000,10273230
2018-11-09,14.4000,14.5400,14.2500,14.5000,43916460
2018-11-08,14.4100,14.4100,14.1000,14.2500,49313940
2018-11-07,15.0000,15.0000,14.4000,14.5000,21013080
2018-11-05,15.1000,15.1000,14.9300,15.0000,236907900
2018-11-02,15.5000,15.5100,15.0000,15.1000,24888990
2018-11-01,15.1000,15.4800,15.0000,15.4400,13580510
2018-10-31,14.7500,15.1500,14.6000,14.9700,29611870
2018-10-30,14.4000,14.9000,14.4000,14.7900,12834130
2018-10-29,14.2000,14.4000,14.0400,14.1900,211083700
2018-10-26,13.6000,14.1000,13.6000,14.0100,10818160
2018-10-25,13.4000,13.6200,13.3800,13.5500,84683230
2018-10-23,13.2000,13.3900,13.0000,13.3300,9251460
2018-10-22,12.9000,13.2000,12.9000,13.0800,4321120
2018-10-19,13.2500,13.2500,12.9500,12.9500,719980
2018-10-18,13.2000,13.3000,13.0900,13.1000,5524130
2018-10-17,13.0900,13.4900,12.9100,12.9300,5384390
2018-10-16,12.7900,13.0900,12.6000,12.9000,101398600
2018-10-15,12.8100,12.9000,12.6000,12.6000,6870970
2018-10-12,13.1000,13.1000,12.7000,12.8100,1882550
2018-10-11,13.2000,13.2000,13.0000,13.0000,274900
2018-10-10,13.3000,13.3000,13.1700,13.1900,1333320
2018-10-09,13.4500,13.4500,13.2000,13.2000,14467220
2018-10-08,13.3500,13.5000,13.3000,13.3500,1506050
2018-10-05,13.3000,13.4000,13.3000,13.3900,13276230
2018-10-04,13.4000,13.4400,13.2000,13.2600,10609740
2018-10-03,13.1500,13.3500,13.1500,13.2300,49635590
2018-10-02,13.1500,13.2000,13.1000,13.1400,4642850
2018-10-01,13.3000,13.3000,13.1500,13.1600,41090
2018-09-28,13.2900,13.3500,13.1000,13.1500,33142920
2018-09-27,13.3500,13.4000,13.2000,13.2000,7414780
2018-09-26,12.8000,13.3000,12.8000,13.3000,365550
2018-09-25,13.2000,13.2000,12.7100,12.8100,3366730
2018-09-21,12.9900,13.0000,12.7000,12.9500,21456220
2018-09-20,13.4000,13.4000,12.8900,12.9000,21818660
2018-09-19,13.2000,13.4400,13.2000,13.3500,9397180
2018-09-18,13.4800,13.4800,13.1000,13.1900,25392110
2018-09-17,13.5100,13.5200,13.4000,13.4600,418240
2018-09-14,13.3700,13.6000,13.3500,13.3700,27810760
2018-09-13,13.5100,13.8000,13.5000,13.5100,3588470
2018-09-12,13.5900,13.9000,13.5700,13.5900,9299420
2018-09-11,13.7000,13.8900,13.7000,13.7000,230040
2018-09-10,13.7200,13.9000,13.7200,13.7200,13820190
2018-09-07,13.8200,13.9800,13.8000,13.8200,7132190
2018-09-06,13.9800,13.9900,13.9500,13.9800,2100
2018-09-05,13.7400,14.1000,13.7000,13.7400,8506380
2018-09-04,13.7900,13.9800,13.7500,13.7900,2785340
2018-09-03,13.9500,14.0000,13.9500,13.9500,433830
2018-08-31,14.0000,14.1000,13.9800,14.0000,7861290
2018-08-30,14.0000,14.1000,14.0000,14.0000,9181900
2018-08-29,14.0000,14.1000,13.8200,14.0000,49481590
2018-08-28,13.8100,13.9000,13.8000,13.8100,202340
2018-08-27,13.9000,13.9000,13.8500,13.9000,414550
2018-08-24,13.9000,14.0000,13.8500,13.9000,2524240
2018-08-23,13.9700,14.2000,13.9000,13.9700,22814880
2018-08-21,13.8500,13.9500,13.8000,13.8500,10159290
2018-08-20,13.7900,13.9500,13.7700,13.7900,2536610
2018-08-17,13.8000,13.9700,13.8000,13.8000,14361000
2018-08-16,13.8200,13.9900,13.8000,13.8200,41044920
2018-08-15,13.9900,14.0400,13.9000,13.9900,11063180
2018-08-14,14.0500,14.1100,13.8000,14.0500,12541250
2018-08-13,14.1900,14.4800,14.0000,14.1900,3718760
2018-08-10,14.4900,14.5900,14.3500,14.4900,9904560
2018-08-09,14.4300,14.4500,14.1000,14.4300,6673630
2018-08-08,14.1000,14.1000,13.6500,14.1000,4872820
2018-08-07,13.6500,13.8000,13.6000,13.6500,78524830
2018-08-06,13.8000,13.9000,13.7800,13.8000,8873920
2018-08-03,13.8000,13.8600,13.7500,13.8000,2629330
2018-08-02,13.8500,13.9000,13.7000,13.8500,922590
2018-08-01,13.6100,13.9900,13.6000,13.6100,4517420
2018-07-31,13.9700,14.0000,13.9600,13.9700,3400660
2018-07-30,13.9900,14.2000,13.9000,13.9900,4560250
2018-07-26,14.2000,14.5000,14.1900,14.2000,9190820
2018-07-25,14.4700,14.6000,14.4500,14.4700,163520
2018-07-24,14.6000,14.7500,14.6000,14.6000,4945110
2018-07-23,14.7000,14.8000,14.7000,14.7000,155220
2018-07-20,14.8100,14.9800,14.8000,14.8100,1314160
2018-07-19,14.9500,14.9500,14.7300,14.9500,12803100
2018-07-18,14.7300,14.9000,14.6100,14.7300,1040620
2018-07-17,14.9000,14.9000,14.5000,14.9000,6243140
2018-07-16,14.4600,14.4900,14.1600,14.4600,13997470
2018-07-13,14.2000,14.2000,14.1500,14.2000,8581460
2018-07-12,14.1500,14.2000,14.1500,14.1500,6577320
2018-07-11,14.2000,14.2100,14.1600,14.2000,1542780
2018-07-10,14.2000,14.2500,14.1800,14.2000,2236270
2018-07-09,14.2000,14.3900,14.1000,14.2000,1587850
2018-07-06,14.2000,14.3000,14.1800,14.2000,18709650
2018-07-05,14.0000,14.1900,13.7900,14.0000,8876650
2018-07-04,13.8000,14.0000,13.7800,13.8000,7325560
2018-07-03,13.9800,14.6000,13.9000,13.9800,13203540
2018-07-02,14.4700,14.7800,14.4500,14.4700,2706540
2018-06-29,14.7500,14.8000,14.7300,14.7500,5369360
2018-06-28,14.7000,14.9400,14.7000,14.7000,44991560
2018-06-26,14.8000,15.0000,14.7900,14.8000,14987530
2018-06-25,15.0000,15.2000,14.9800,15.0000,827450
2018-06-22,15.0000,15.2000,15.0000,15.0000,4740380
2018-06-21,15.0000,15.3500,14.9100,15.0000,4172160
2018-06-20,15.0100,15.3500,15.0000,15.0100,5411480
2018-06-19,15.0100,15.6000,15.0000,15.0100,22607180
2018-06-18,15.5000,15.6500,15.5000,15.5000,23188080
2018-06-14,15.6000,15.6300,15.6000,15.6000,1487870
2018-06-13,15.6200,15.6900,15.6100,15.6200,1122270
2018-06-12,15.6500,15.6500,15.6000,15.6500,1088450
2018-06-11,15.6500,15.7000,15.6000,15.6500,83730
2018-06-08,15.6100,15.7000,15.5500,15.6100,1424570
2018-06-07,15.6800,15.7900,15.6000,15.6800,4147990
2018-06-06,15.8000,15.8000,15.6200,15.8000,11919250
2018-06-05,15.9000,15.9900,15.6900,15.9000,9110720
2018-06-04,15.6000,15.6800,15.5000,15.6000,26162250
2018-06-01,15.6000,15.8000,15.2000,15.6000,10486810
2018-05-31,15.0000,15.2700,14.9100,15.0000,99429560
2018-05-30,15.3600,15.8000,15.3000,15.3600,55539740
2018-05-28,15.7000,15.9900,15.7000,15.7000,690520
2018-05-25,15.7100,15.9900,15.7000,15.7100,12493580
2018-05-24,15.8000,15.9100,15.7800,15.8000,3295370
2018-05-23,15.9000,16.1500,15.9000,15.9000,36670
2018-05-22,16.0000,16.1500,15.9000,16.0000,10517470
2018-05-21,16.0900,16.2000,15.9000,16.0900,4325980
2018-05-18,16.1900,16.2000,15.8000,16.1900,14132760
2018-05-17,15.7700,15.9000,15.7500,15.7700,7079450
2018-05-16,15.9000,16.0000,15.8500,15.9000,2373780
2018-05-15,16.0000,16.0000,15.9200,16.0000,56840
2018-05-14,16.0000,16.2500,16.0000,16.0000,7276250
2018-05-11,16.2000,16.2500,16.2000,16.2000,5430350
2018-05-10,16.2300,16.3000,13.5000,16.2300,7263420
2018-05-09,16.2500,16.3000,16.2000,16.2500,18521110
2018-05-08,16.3000,16.3900,16.3000,16.3000,13865500
2018-05-04,16.4000,16.4100,16.3500,16.4000,9521210
2018-05-03,16.4100,16.4300,16.4000,16.4100,5245640
2018-05-02,16.4200,16.4300,16.4000,16.4200,4008730
2018-05-01,16.3900,16.4500,16.3500,16.3900,14750
2018-04-27,16.4500,16.4600,16.4000,16.4500,34765800
2018-04-26,16.4600,16.4800,16.3500,16.4600,740650
2018-04-25,16.4500,16.4600,16.0000,16.4500,7879580
2018-04-24,16.1400,16.1500,16.0100,16.1400,548140
2018-04-23,16.0500,16.0700,16.0000,16.0500,442350
2018-04-20,16.0000,16.0200,16.0000,16.0000,28300
2018-04-19,16.0000,16.0200,15.9500,16.0000,703340
2018-04-18,16.0200,16.0500,15.9500,16.0200,751470
2018-04-17,15.9500,16.0000,15.9000,15.9500,861270
2018-04-16,15.9000,15.9000,15.8500,15.9000,458720
2018-04-12,15.8900,15.9000,15.8100,15.8900,1670
2018-04-11,15.8100,15.9000,15.8000,15.8100,3860
2018-04-10,15.8000,15.8500,15.7900,15.8000,11399410
2018-04-09,15.7900,15.9500,15.7600,15.7900,15168640
2018-04-06,15.9000,15.9500,15.9000,15.9000,242350
2018-04-05,15.9500,16.0000,15.9500,15.9500,1997380
2018-04-04,16.0000,16.0000,15.9500,16.0000,119150
2018-04-03,15.9700,16.0000,15.9500,15.9700,802790
2018-04-02,15.9300,16.0000,15.9300,15.9300,86840
2018-03-29,15.9600,16.0000,15.9000,15.9600,103190
2018-03-28,15.9000,15.9500,15.8900,15.9000,9035770
2018-03-27,15.9000,16.0900,15.8500,15.9000,4499290
2018-03-26,15.9700,16.0000,15.8500,15.9700,12526970
2018-03-23,15.8500,15.9500,15.8200,15.8500,1909760
2018-03-22,15.9000,15.9900,15.8500,15.9000,17045010
2018-03-21,15.8500,16.0000,15.7500,15.8500,2891290
2018-03-20,16.0300,16.2000,15.9500,16.0300,68350
2018-03-19,16.4500,16.4500,16.2000,16.4500,280
2018-03-16,16.4500,16.4800,16.3800,16.4500,7952350
2018-03-15,16.3000,16.3900,16.2000,16.3000,14413020
2018-03-14,16.2500,16.2500,16.2000,16.2500,4625310
2018-03-13,16.2000,16.3000,16.1000,16.2000,36999430
2018-03-12,16.2100,16.3200,16.1500,16.2100,3287270
2018-03-09,16.3800,16.4600,16.3000,16.3800,4216050
2018-03-08,16.3000,16.3000,16.1000,16.3000,6478640
2018-03-07,16.0800,16.2900,16.0500,16.0800,1674450
2018-03-06,16.2800,16.4000,16.2500,16.2800,7231280
2018-03-05,16.4000,16.4900,16.2500,16.4000,8491600
2018-03-02,16.3000,16.3100,16.1000,16.3000,3326130
2018-02-28,16.0200,16.0600,16.0000,16.0200,27461470
2018-02-27,16.0000,16.0300,15.9600,16.0000,843470
2018-02-26,15.9600,16.0100,15.9000,15.9600,448830
2018-02-23,16.0000,16.0300,15.8500,16.0000,3677680
2018-02-22,15.9000,15.9800,15.8500,15.9000,6610720
2018-02-21,15.9800,16.0100,15.9300,15.9800,250350
2018-02-20,15.9000,16.0000,15.8000,15.9000,15198400
2018-02-19,15.8000,15.8000,15.8000,15.8000,170900
2018-02-16,15.8000,15.9800,15.7000,15.8000,471130
2018-02-15,15.7900,15.8000,15.6000,15.7900,2255530
2018-02-14,15.6800,15.7900,15.5000,15.6800,4119720
2018-02-12,15.5300,16.0000,15.5000,15.5300,834960
2018-02-09,15.8500,15.8500,15.8300,15.8500,666060
2018-02-08,15.8300,15.8400,15.7500,15.8300,3666630
2018-02-07,15.7500,15.8500,15.7100,15.7500,4699700
2018-02-06,15.8500,16.0000,15.8000,15.8500,8145230
2018-02-02,16.0000,16.4900,16.0000,16.0000,2944750
2018-02-01,16.4300,16.4400,16.3200,16.4300,3664380
2018-01-30,16.4800,16.5000,16.0000,16.4800,5361170
2018-01-29,16.3000,16.5700,16.3000,16.3000,423860
2018-01-26,16.5700,16.6000,16.1000,16.5700,1586460
2018-01-25,16.5900,16.6000,16.3000,16.5900,1426630
2018-01-24,16.5600,16.6400,16.4000,16.5600,1584550
2018-01-23,16.5300,16.6000,16.4000,16.5300,78347460
2018-01-22,16.4800,16.5000,16.1400,16.4800,15757600
2018-01-19,16.4000,16.4700,16.0000,16.4000,5939750
2018-01-18,16.0000,16.1900,15.9900,16.0000,21895700
2018-01-17,16.0000,16.0000,15.8100,16.0000,9914250
2018-01-16,15.8300,16.0000,15.7000,15.8300,500930
2018-01-12,15.8100,16.2500,15.5200,15.8100,26176730
2018-01-11,16.2500,16.3500,16.0500,16.2500,12966760
2018-01-10,16.4000,16.4300,16.0500,16.4000,2016470
2018-01-09,16.3900,16.5000,16.0300,16.3900,17426950
2018-01-08,16.5000,16.7000,16.0000,16.5000,3340480
2018-01-05,16.0000,16.0000,15.6500,16.0000,19733800
2018-01-04,15.6000,15.6000,15.5000,15.6000,6286330
2018-01-03,15.5500,15.6500,15.0000,15.5500,13214040
2018-01-02,15.0000,15.0200,14.8500,15.0000,4944620
2017-12-29,14.8500,14.8700,14.7600,14.8500,3282580
2017-12-28,14.8000,14.8500,14.7200,14.8000,179290
2017-12-27,14.7600,14.8000,14.7500,14.7600,38980
2017-12-26,14.7800,14.8000,14.7500,14.7800,16460
2017-12-22,14.6200,14.8000,14.6000,14.6200,1120580
2017-12-21,14.7000,15.0000,14.7000,14.7000,1918320
2017-12-20,14.7800,14.8000,14.7200,14.7800,7430530
2017-12-19,14.7900,14.8900,14.7600,14.7900,478480
2017-12-18,14.9000,15.0000,14.8500,14.9000,9059060
2017-12-15,14.9000,15.0000,14.8500,14.9000,944900
2017-12-14,14.8000,14.8500,14.5000,14.8000,48169250
2017-12-13,14.8900,14.9000,14.8500,14.8900,10413370
2017-12-12,14.9000,14.9700,14.8500,14.9000,3445280
2017-12-11,15.0200,15.3000,14.9000,15.0200,3561350
2017-12-08,15.2900,15.4500,15.2000,15.2900,5960
2017-12-07,15.4500,15.5000,15.4100,15.4500,30006160
2017-12-06,15.4600,15.5000,15.4500,15.4600,9388850
2017-12-05,15.5100,15.5300,15.4100,15.5100,6099640
2017-12-04,15.5000,15.5100,15.4900,15.5000,16074040
2017-11-30,15.5000,15.5400,15.4300,15.5000,1314180
2017-11-29,15.5000,15.6000,15.4500,15.5000,11615780
2017-11-28,15.4200,15.4500,15.3500,15.4200,3104670
2017-11-27,15.3900,15.4000,15.3500,15.3900,1086720
2017-11-24,15.3500,15.4000,15.3500,15.3500,1770270
2017-11-23,15.3500,15.4800,15.3100,15.3500,337430
2017-11-22,15.3100,15.3800,15.3000,15.3100,4135770
2017-11-21,15.2000,15.3000,15.2000,15.2000,6360390
2017-11-20,15.3000,15.4800,15.3000,15.3000,13477410
2017-11-17,15.4000,15.4500,15.2000,15.4000,3255730
2017-11-16,15.0600,15.2500,15.0000,15.0600,22547340
2017-11-15,14.9900,15.3600,14.9000,14.9900,51236560
2017-11-14,15.4800,15.8000,15.4000,15.4800,2089530
2017-11-13,15.8100,16.0000,15.7800,15.8100,409550
2017-11-10,15.9000,16.0000,15.8800,15.9000,63950
2017-11-09,15.9400,15.9500,15.8900,15.9400,4030430
2017-11-08,15.9200,16.0000,15.9000,15.9200,6990600
2017-11-07,16.0000,16.1000,16.0000,16.0000,146210
2017-11-06,16.0000,16.1000,15.9900,16.0000,12704450
2017-11-02,16.1100,16.1500,16.0000,16.1100,4469790
2017-11-01,16.0600,16.1000,15.8000,16.0600,23006110
2017-10-31,15.9600,16.1700,15.8000,15.9600,2160560
2017-10-30,16.1000,16.1000,16.0300,16.1000,22314820
2017-10-27,16.1000,16.1200,16.0300,16.1000,483570
2017-10-26,16.1000,16.2000,16.0000,16.1000,6404150
2017-10-25,15.9900,16.0600,15.9500,15.9900,11931220
2017-10-24,16.1300,16.2000,16.1000,16.1300,234940
2017-10-23,16.2000,16.3000,16.1900,16.2000,3625000
2017-10-20,16.2500,16.3000,16.1900,16.2500,503370
2017-10-19,16.3000,16.4000,16.1000,16.3000,17170010
2017-10-17,16.2900,16.4000,16.2500,16.2900,796960
2017-10-16,16.3000,16.4900,16.2500,16.3000,2759150
2017-10-13,16.3300,16.4000,16.2500,16.3300,7553980
2017-10-12,16.3000,16.4500,16.3000,16.3000,13541010
2017-10-11,16.3000,16.4000,16.3000,16.3000,12451520
2017-10-10,16.4500,16.5000,16.3000,16.4500,54825990
2017-10-09,16.4500,16.5000,16.3100,16.4500,116890
2017-10-06,16.5000,16.5600,16.5000,16.5000,3292260
2017-10-04,16.4700,16.5400,16.3000,16.4700,292200
2017-10-03,16.5000,16.6100,16.4200,16.5000,4923930
2017-10-02,16.4000,16.4400,16.3500,16.4000,833820
2017-09-29,16.2500,16.3000,16.2500,16.2500,1692590
2017-09-28,16.3000,16.3200,16.2500,16.3000,8975020
2017-09-27,16.3000,16.4000,16.3000,16.3000,3360180
2017-09-26,16.2700,16.3400,16.2000,16.2700,1335900
2017-09-25,16.2100,16.3000,16.2000,16.2100,13686080
2017-09-22,16.3100,16.5500,16.2500,16.3100,98640
2017-09-21,16.5500,16.5700,16.5000,16.5500,10478860
2017-09-20,16.5500,16.6000,16.5200,16.5500,47461180
2017-09-19,16.5200,16.5500,16.4900,16.5200,43877370
2017-09-18,16.4900,16.5000,16.3000,16.4900,7754590
2017-09-15,16.3000,16.3100,16.1500,16.3000,15385730
2017-09-14,16.1800,16.2000,16.0500,16.1800,1271820
2017-09-13,16.1000,16.2000,16.0000,16.1000,9045540
2017-09-12,16.0600,16.1000,15.9900,16.0600,18425940
2017-09-11,16.0500,16.0500,15.9900,16.0500,7760860
2017-09-08,16.0400,16.0900,16.0000,16.0400,13557600
2017-09-07,16.0400,16.2000,15.9000,16.0400,2483700
2017-09-06,16.2100,16.3000,16.1800,16.2100,2348060
2017-09-04,16.2000,16.4600,16.1900,16.2000,3342820
2017-08-31,16.2000,16.5000,16.2000,16.2000,11051440
2017-08-30,16.1900,16.5000,16.1600,16.1900,13677070
2017-08-29,16.1700,16.2500,16.1600,16.1700,22776170
2017-08-28,16.2100,16.2700,16.1300,16.2100,277500
2017-08-25,16.1600,16.1900,15.7900,16.1600,980980
2017-08-24,15.8300,16.0000,15.8000,15.8300,8090280
2017-08-23,15.8500,16.2000,15.8200,15.8500,3219160
2017-08-22,15.9900,16.1000,15.9700,15.9900,8180090
2017-08-21,16.1100,16.2300,16.1000,16.1100,2171150
2017-08-18,16.2000,16.4500,16.1500,16.2000,3145710
2017-08-17,16.1500,16.3000,16.0800,16.1500,3589600
2017-08-16,16.0000,16.1000,15.9900,16.0000,14166000
2017-08-15,16.0800,16.5000,16.0500,16.0800,7120340
2017-08-14,16.5000,16.8500,16.3000,16.5000,8752770
2017-08-11,16.3000,16.3800,16.2000,16.3000,11123730
2017-08-10,16.3800,16.5000,16.3500,16.3800,1786360
2017-08-09,16.4900,16.5000,16.4000,16.4900,26688320
2017-08-08,16.5000,16.9100,16.4000,16.5000,4787170
2017-08-04,16.9800,17.1000,16.9500,16.9800,1236860
2017-08-03,17.0800,17.2000,17.0200,17.0800,123050
2017-08-02,17.2000,17.2500,17.1000,17.2000,33503260
2017-08-01,17.2500,17.4000,17.2000,17.2500,28695060
2017-07-31,17.3800,17.4000,17.2300,17.3800,5802920
2017-07-28,17.4000,17.4500,17.3500,17.4000,1262250
2017-07-27,17.4000,17.4100,17.3000,17.4000,190980
2017-07-26,17.3900,17.4200,17.2700,17.3900,275980
2017-07-25,17.2500,17.4000,17.1500,17.2500,575580
2017-07-24,17.2200,17.3000,17.1000,17.2200,17441150
2017-07-21,17.2200,17.4000,17.2100,17.2200,7953390
2017-07-20,17.4000,17.5000,17.4000,17.4000,17289760
2017-07-19,17.5000,17.6000,17.4900,17.5000,1527130
2017-07-18,17.6000,17.6900,17.6000,17.6000,3321700
2017-07-17,17.7000,17.7500,17.5100,17.7000,15710390
2017-07-14,17.7200,17.7400,17.6800,17.7200,7086510
2017-07-13,17.6800,17.7000,17.5000,17.6800,3435760
2017-07-12,17.7000,17.8000,17.6000,17.7000,1373690
2017-07-11,17.8000,17.8500,17.5100,17.8000,4332120
2017-07-10,17.8300,17.8800,17.8000,17.8300,2472020
2017-07-07,17.8000,17.8800,17.7500,17.8000,5742610
2017-07-06,17.7000,17.8000,17.5000,17.7000,3540490
2017-07-05,17.5600,17.7400,17.5500,17.5600,16102620
2017-07-04,17.6500,17.8000,17.6400,17.6500,9776060
2017-07-03,17.8500,17.9000,17.7100,17.8500,16687330
2017-06-30,17.8800,17.9100,17.8500,17.8800,19504360
2017-06-29,17.8500,17.8900,17.8000,17.8500,132810
2017-06-28,17.8900,17.9100,17.8600,17.8900,16351820
2017-06-27,17.8900,17.9000,17.5000,17.8900,16021210
2017-06-23,17.8000,17.9500,17.6500,17.8000,17882770
2017-06-22,17.5900,17.6100,17.4000,17.5900,2617130
2017-06-21,17.4700,17.5000,17.2500,17.4700,12414090
2017-06-20,17.2600,17.4500,17.2500,17.2600,26954150
2017-06-19,17.2600,17.7400,17.1000,17.2600,12053620
2017-06-16,17.8000,18.0000,17.7000,17.8000,19129490
2017-06-15,17.8200,17.8500,17.5000,17.8200,31037370
2017-06-14,17.5100,17.5300,16.8400,17.5100,28822070
2017-06-13,16.9400,16.9800,16.7100,16.9400,31890420
2017-06-12,16.7000,16.8000,16.5000,16.7000,8194830
2017-06-09,16.8000,16.9500,16.8000,16.8000,216450
2017-06-07,16.9500,17.0000,16.9000,16.9500,13127460
2017-06-06,16.9500,17.0000,16.8900,16.9500,4227160
2017-06-05,17.0900,17.1000,16.9400,17.0900,6298140
2017-06-02,16.9500,16.9700,16.8500,16.9500,3737650
2017-06-01,16.9000,16.9900,16.8500,16.9000,3728130
2017-05-31,16.8000,16.8900,16.7000,16.8000,6264460
2017-05-30,16.7000,16.7200,16.5000,16.7000,869610
2017-05-29,16.7100,16.9500,16.7000,16.7100,100750
2017-05-26,16.8600,16.9800,16.8000,16.8600,145370
2017-05-25,16.9700,17.0000,16.9500,16.9700,2044940
2017-05-24,17.0000,17.0000,16.7500,17.0000,77914300
2017-05-23,16.8000,16.8500,16.7000,16.8000,2394300
2017-05-22,16.8000,16.8500,16.7100,16.8000,1215070
2017-05-19,16.8500,16.9000,16.5200,16.8500,8736900
2017-05-18,16.6000,16.6500,16.5500,16.6000,2364370
2017-05-17,16.7000,16.7300,16.4200,16.7000,55945260
2017-05-16,16.5500,16.5900,16.3000,16.5500,9311630
2017-05-15,16.4100,16.4500,16.3000,16.4100,4538980
2017-05-12,16.4100,16.4900,16.3000,16.4100,9050850
2017-05-09,16.3300,16.3900,16.2500,16.3300,282570
2017-05-08,16.3600,16.4000,16.3000,16.3600,1760310
2017-05-05,16.3300,16.4000,16.2000,16.3300,2073710
2017-05-04,16.2500,16.3500,15.9900,16.2500,3844460
2017-05-03,15.9100,16.0500,15.7500,15.9100,1341520
2017-05-02,16.0500,16.1500,16.0000,16.0500,4445480
2017-04-28,16.1100,16.1500,15.9600,16.1100,28015380
2017-04-27,15.9500,15.9600,15.6900,15.9500,45755830
2017-04-26,15.6700,15.7000,15.4100,15.6700,30119480
2017-04-25,15.5000,15.6000,15.4000,15.5000,10154540
2017-04-24,15.7000,15.9500,15.5000,15.7000,4616900
2017-04-21,15.8400,15.8800,15.5300,15.8400,167295800
2017-04-20,15.5000,15.5500,15.4000,15.5000,16771430
2017-04-19,15.4700,15.4900,15.1700,15.4700,9920580
2017-04-18,15.1700,15.1900,14.9500,15.1700,7293750
2017-04-17,15.0100,15.2100,14.8900,15.0100,3241460
2017-04-12,15.2000,15.2400,15.0000,15.2000,71552270
2017-04-11,15.0000,15.0500,14.9000,15.0000,4737750
2017-04-07,14.9000,14.9400,14.7300,14.9000,106519000
2017-04-06,14.8000,14.8400,14.6000,14.8000,14494400
2017-04-05,14.6000,14.6500,14.3000,14.6000,14716090
2017-04-04,14.3100,14.4000,14.0300,14.3100,11333640
2017-04-03,14.0100,14.2000,13.8000,14.0100,42220010
2017-03-31,13.7900,13.9800,13.7000,13.7900,11509370
2017-03-30,13.7000,13.8000,13.6200,13.7000,58969540
2017-03-29,13.7000,13.8000,13.5000,13.7000,4270980
2017-03-28,13.4900,13.6600,13.3900,13.4900,26312500
2017-03-27,13.4900,13.5000,13.4800,13.4900,3531740
2017-03-24,13.4900,13.5000,13.4900,13.4900,37144680
2017-03-23,13.4900,13.5000,13.4800,13.4900,10251830
2017-03-22,13.4900,13.8000,13.4800,13.4900,44501970
2017-03-21,13.7800,13.8000,13.7800,13.7800,10579560
2017-03-20,13.8000,14.0000,13.7800,13.8000,7596040
2017-03-17,13.8100,13.9000,13.7800,13.8100,32604200
2017-03-16,13.8000,13.9000,13.7800,13.8000,2562790
2017-03-15,13.8000,13.9000,13.7900,13.8000,1363110
2017-03-14,13.8000,13.9000,13.8000,13.8000,17513260
2017-03-13,13.8500,14.0000,13.8100,13.8500,1028540
2017-03-10,13.9900,14.0500,13.9800,13.9900,27157720
2017-03-09,14.0100,14.1500,14.0000,14.0100,12912890
2017-03-08,14.1600,14.2000,14.1300,14.1600,727360
2017-03-07,14.1500,14.2000,14.1300,14.1500,68220
2017-03-06,14.1500,14.2000,14.1100,14.1500,887430
2017-03-03,14.1700,14.2000,14.1600,14.1700,61560020
2017-03-02,14.1700,14.2500,14.1700,14.1700,12363070
2017-03-01,14.2000,14.2800,14.1500,14.2000,6999520
2017-02-28,14.2300,14.4000,14.0000,14.2300,10500890
2017-02-27,14.0000,14.2400,13.9900,14.0000,20972800
2017-02-23,14.1700,14.3000,14.1000,14.1700,5050580
2017-02-22,14.2800,14.4800,14.2000,14.2800,3531010
2017-02-21,14.4300,14.5000,14.4300,14.4300,91860
2017-02-20,14.5200,14.6000,14.4000,14.5200,46210
2017-02-17,14.7000,14.7800,14.7000,14.7000,142390
2017-02-16,14.7200,14.8300,14.6800,14.7200,6006380
2017-02-15,14.8000,14.9900,14.7000,14.8000,40089370
2017-02-14,14.9900,15.0000,14.6600,14.9900,6903840
2017-02-13,14.8400,14.9900,14.5700,14.8400,16276900
2017-02-09,14.6000,14.6300,14.5300,14.6000,25637680
2017-02-08,14.5500,14.6000,14.4500,14.5500,10824510
2017-02-07,14.3600,14.4000,14.1500,14.3600,4451970
2017-02-06,14.1900,14.2000,14.0000,14.1900,5958650
2017-02-03,14.1200,14.2000,14.0000,14.1200,167530
2017-02-02,14.1100,14.1300,14.0000,14.1100,321230
2017-02-01,14.0500,14.1000,14.0000,14.0500,2272160
2017-01-31,14.0000,14.0900,14.0000,14.0000,22613600
2017-01-30,14.0000,14.1500,13.9900,14.0000,604700
2017-01-27,14.0000,14.1000,13.9400,14.0000,12642660
2017-01-26,13.7900,14.0000,13.7600,13.7900,3381600
2017-01-25,13.7500,13.8900,13.7000,13.7500,2871160
2017-01-24,13.8300,13.9500,13.8000,13.8300,787510
2017-01-23,13.9500,14.0900,13.9500,13.9500,5959550
2017-01-20,14.0800,14.1000,14.0000,14.0800,81350
2017-01-19,14.0000,14.1000,13.9900,14.0000,32711030
2017-01-18,14.0900,14.1000,14.0600,14.0900,124590
2017-01-17,14.1000,14.1500,14.0900,14.1000,21213600
2017-01-16,14.1000,14.1900,14.1000,14.1000,1331810
2017-01-13,14.1900,14.1900,14.1600,14.1900,62300
2017-01-11,14.1900,14.2000,14.0000,14.1900,62784730
2017-01-10,14.0500,14.2900,14.0500,14.0500,848610
2017-01-09,14.1400,14.3000,14.0300,14.1400,19900010
2017-01-06,14.1000,14.3000,14.0000,14.1000,2910100
2017-01-05,14.0400,14.1000,14.0000,14.0400,35887760
2017-01-04,14.0600,14.3000,13.9000,14.0600,56077950
2017-01-03,13.9000,14.0000,13.8100,13.9000,17965260
2017-01-02,14.0000,14.5000,13.9800,14.0000,15854910
2016-12-30,14.5000,14.6000,14.4000,14.5000,1405140
2016-12-29,14.4900,14.5000,14.4300,14.4900,131160
2016-12-28,14.4900,14.5000,14.4000,14.4900,2178090
2016-12-27,14.3300,15.0000,14.3000,14.3300,1342680
2016-12-23,14.4600,14.5000,14.4500,14.4600,2304750
2016-12-22,14.4800,14.5000,14.4700,14.4800,213840
2016-12-21,14.4600,14.6000,14.4500,14.4600,3703140
2016-12-20,14.6000,14.6900,14.5900,14.6000,673260
